Workbook

Sheet Inputs
B1: dont touch: | C1: user input | D1: calculated
A2: log bugs on our JIRA board -> | B2: https://imec.atlassian.net/jira/software/c/projects/AM/boards/222?quickFilter=822
A3: Create -> type: Bug, label: analytical_modeling
A4: Neural network training parameters | B4: config in calculated row: | C4: 128T
A5: Parameter | B5: Weight precision (bits) | C5: Activation precision (bits) | D5: gradient precision (bits) | E5: Batch size [B] | F5: minibatch size [mb] | G5: microbatch size [ub] | H5: sequence length aka context [s] | I5: hidden layer dimension for attention sublayers [h] | J5: hidden layer dimension for the 1st MLP sublayer [h_MLP1] | K5: hidden layer dimension for the 2nd MLP sublayer [h_MLP2] | L5: activations volume per layer per batch [N_act] | M5: number of batches [N_batch] | N5: number of layers [N_L] | O5: number of tokens to train | P5: number of sequences to train aka samples | Q5: number of attention heads | R5: dimensionality | S5: Query MAC operations | T5: Key MAC operations | U5: Value MAC operations | V5: self-attention MAC operations | W5: Multihead MAC operations | X5: Attention sublayer output MAC operations | Y5: total attention sublayer MAC operations | Z5: total MLP sublayer MAC operations | AA5: non linear operations for attention sublayer | AB5: non linear operations for MLP sublayer | AC5: error volume per layer per batch [N_err] | AD5: Dim Query weight (Wq) | AE5: Dim key weight (Wk) | AF5: Dim value weight (Wv) | AG5: projection weight (Wo) | AH5: feedforward bias1 | AI5: feedforward bias2 | AJ5: feedforward scale 1 | AK5: feedforward scale 2 | AL5: Number of parameters per layer | AM5: Number of parameters per Expert | AN5: Optimizer state precision | AO5: No. of MoE Layers | AP5: Expert Flag | AQ5: No of Experts | AR5: No of Gating parameters | AS5: No of Expert parameters | AT5: Gating MAC operations | AU5: Total number of parameters without embedding | AV5: Key/Query/Value length | AW5: ntokens in vocabulary | AX5: embedding layer parameters | AY5: Corrected Total no of Parametrrs (+ Decoder) | AZ5: Decoder NMACs | BA5: Decoder FLAG
A6: use calculation or override with user input | B6: user input | C6: user input | D6: user input | E6: user input | F6: calculated | G6: calculated | H6: calculated | I6: calculated | J6: calculated | K6: calculated | L6: calculated | M6: calculated | N6: calculated | O6: calculated | P6: calculated | Q6: calculated | R6: calculated | S6: calculated | T6: calculated | U6: calculated | V6: calculated | W6: calculated | X6: calculated | Y6: calculated | Z6: calculated | AA6: calculated | AB6: calculated | AC6: calculated | AD6: calculated | AE6: calculated | AF6: calculated | AG6: calculated | AH6: calculated | AI6: calculated | AJ6: calculated | AK6: calculated | AL6: calculated | AM6: calculated | AN6: user input | AO6: calculated | AP6: calculated | AQ6: calculated | AR6: calculated | AS6: calculated | AT6: calculated | AU6: calculated | AV6: calculated | AW6: calculated | AX6: calculated | AY6: calculated | AZ6: calculated | BA6: user input
A7: Value used in formula | B7: =IF(B6=$C$1,B8,B9) -> 16 | C7: =IF(C6=$C$1,C8,C9) -> 16 | D7: =IF(D6=$C$1,D8,D9) -> 32 | E7: =IF(E6=$C$1,E8,E9) -> 5120 | F7: =IF(F6=$C$1,F8,F9) -> 5120 | G7: =IF(G6=$C$1,G8,G9) -> 5120 | H7: =IF(H6=$C$1,H8,H9) -> 8192 | I7: =IF(I6=$C$1,I8,I9) -> 77.333333 | ... BA7: =IF(BA6=$C$1,BA8,BA9) -> 1
A8: user input value | B8: 16 | C8: 16 | D8: 32 | E8: 5120 | H8: 5 | I8: 64 | J8: 512 | K8: 64 | M8: 12288 | N8: 16 | O8: 2049990 | P8: 2049990 | Q8: 8 | R8: 1024 | AN8: 32 | AO8: 0 | AQ8: 96 | AV8: 64 | AW8: 28782 | AX8: 50257 | AY8: 50257 | AZ8: 50257 | BA8: 1
A9: Calculated from more detail or defined earlier | B9: N/A | C9: N/A | D9: N/A | E9: 5120 | F9: =E7/J14 -> 5120 | G9: =F7/B14 -> 5120 | H9: =VLOOKUP($C$4,Network[#All],4,FALSE) -> 8192 | I9: =VLOOKUP($C$4,Network[#All],7,FALSE) -> 77.333333 | J9: =R7 -> 37120 | K9: =VLOOKUP($C$4,Network[#All],9,FALSE) -> 148480 | L9: =E7*H7*I7 -> 3.2435951e+09 | M9: =P7/E7 -> 7152557.4 | N9: =VLOOKUP($C$4,Network[#All],5,FALSE) -> 480 | O9: =VLOOKUP($C$4,Network[#All],10,FALSE) -> 300000000000000 | P9: =O7/H7 -> 36621093750 | Q9: =VLOOKUP($C$4,Network[#All],6,FALSE) -> 480 | R9: =VLOOKUP($C$4,Network[#All],3,FALSE) -> 37120 | S9: =E7*R7*I7*H7 -> 1.2040225e+14 | T9: =E7*R7*I7*H7 -> 1.2040225e+14 | U9: =E7*R7*I7*H7 -> 1.2040225e+14 | V9: =2*E7*H7*H7*I7 -> 5.3143062e+13 | W9: =(S9+T9+U9+V9)*Q7 -> 1.9888791e+17 | X9: =E7*H7*R7*R7 -> 5.779308e+16 | Y9: =W9+X9 -> 2.5668099e+17 | Z9: =E7*H7*J7*K7*2 -> 4.6234464e+17 | AA9: =E7*H7*I7*Q7 -> 1.5569256e+12 | AB9: =2*E7*(J7+K7) -> 1900544000 | AC9: =E7*H7*I7 -> 3.2435951e+09 | AD9: =R7 -> 37120 | AE9: =R7 -> 37120 | AF9: =R7 -> 37120 | AG9: =R7 -> 37120 | AH9: =R7 -> 37120 | AI9: =R7 -> 37120 | AJ9: =R7 -> 37120 | AK9: =R7 -> 37120 | AL9: =(AD7*AV7*Q7 + AE7*AV7*Q7 + AF7*AV7*Q7+AG7*AV7*Q7+AH7+AI7+AJ7+AK7+2*K7*J7)+AX7/N7 -> 1.6538841e+10 | AM9: =AL7*N7 -> 7938643558400 | AN9: N/A | AO9: =N7/2 -> 240 | AP9: =INT(AQ7>1) -> 0 | AQ9: =VLOOKUP($C$4,Network[#All],11,FALSE) -> 1 | AR9: =AP7*R7*AQ7*AO7 -> 0 | AS9: =(AQ7-1)*AO7*2*(J7*K7) -> 0 | AT9: =H7*(R7-1)*E7*AP7*AQ7*AO7 -> 0 | AU9: =(AL7*N7)+AR7+AS7 -> 7938643558400 | AV9: =VLOOKUP($C$4,Network[#All],7,FALSE) -> 77.333333 | AW9: =VLOOKUP($C$4,Network[#All],2,FALSE) -> 51200 | AX9: =AW7*R7 -> 1900544000 | AY9: =2*AX9+AU9 -> 7942444646400 | AZ9: =E7*AW7*R7*BA7 -> 9730785280000 | BA9: =F7*AX7*S7 -> 1.1716084e+27
A10: comments | N10: Put 3E11 in O8 | O10: No of tokens (O9) goes up by 3 orders of magnitidue for MoE models
A11: Mapping parameters
A12: Parameter | B12: number of microbatches per minibatch [N_ubatch] | C12: intra node Data parallel degree [N_DP_intra] | D12: intra node Tensor parallel degree [N_TP_intra] | E12: intra node Pipeline parallel degree [N_PP_intra] | F12: accelerators per node required [R_acc_node] | G12: inter node Data parallel degree [N_DP_inter] | H12: inter node Tensor parallel degree [N_TP_inter] | I12: inter node Pipeline parallel degree [N_PP_inter] | J12: Data parallel degree [N_DP] | K12: Tensor parallel degree [N_TP] | L12: Pipeline parallel degree [N_PP] | M12: Number of accelerators required [R_acc_total] | N12: Number of nodes required [R_nodes_total] | O12: Required memory per accelerator due to weights (in GB) | P12: Required memory per accelerator due to activations (in GB) | Q12: Total memory required per accelerator in GB | R12: Min memory required per accelerator in GB | S12: Model memory for Training (GB) | T12: Model Memory for inference (GB) | U12: Memory per Acc (GB) | V12: Min acc required for inference | W12: Min acc required for training
A13: use calculation or override with user input | B13: calculated | C13: user input | D13: user input | E13: user input | F13: calculated | G13: user input | H13: user input | I13: user input | J13: calculated | K13: calculated | L13: calculated | M13: calculated | N13: calculated | O13: calculated | P13: calculated | Q13: calculated | R13: calculated | S13: calculated | T13: calculated | U13: calculated | V13: calculated | W13: calculated
A14: Value used in formula | B14: =IF(B13=$C$1,B15,B16) -> 1 | C14: =IF(C13=$C$1,C15,C16) -> 1 | D14: =IF(D13=$C$1,D15,D16) -> 1 | E14: =IF(E13=$C$1,E15,E16) -> 1 | F14: =IF(F13=$C$1,F15,F16) -> 1 | G14: =IF(G13=$C$1,G15,G16) -> 1 | H14: =IF(H13=$C$1,H15,H16) -> 1 | I14: =IF(I13=$C$1,I15,I16) -> 1 | ... W14: =IF(W13=$C$1,W15,W16) -> 20570
A15: user input value | B15: 1 | C15: 1 | D15: 1 | E15: 1 | G15: 1 | H15: 1 | I15: 1
A16: Calculated from more detail or defined earlier | B16: =L14 -> 1 | F16: =C14*D14*E14 -> 1 | J16: =C14*G14 -> 1 | K16: =D14*H14 -> 1 | L16: =E14*I14 -> 1 | M16: =J14*K14*L14 -> 1 | N16: =M14/F14 -> 1 | O16: =(B7 + D7 + 3*AN7)*AU7/(8*J14*K14*L14)/1000000000 -> 142895.58 | P16: =(C7*N7)*((AA7+AB7+2*AC7)/B14/J14)/(8*J14*K14*L14)/1000000000 -> 1502700.8 | Q16: =P16+O16 -> 1645596.4 | R16: =(B7 + D7/2)*AU7/(8*J14*K14*L14)/1000000000+P14 -> 1534455.4 | S16: =(((B7 + D7 + 3*AN7)*AU7)+((C7*N7)*((AA7+AB7+2*AC7))))/(8*1000000000) -> 1645596.4 | T16: =(B7 + D7 + 3*AN7)*AU7/(8)/1000000000 -> 142895.58 | U16: =T16/M16 -> 142895.58 | V16: =_xlfn.CEILING.MATH((T16/(N28/1000000000))) -> 1787 | W16: =_xlfn.CEILING.MATH((S16/(N28/1000000000))) -> 20570
A17: comments | B17: user input | K17: Nvlink | O17: from zero paper =[ (wt_prec+grad_prec+K)*¥ + b x Layers x Act_prec ]/(8*N_DP*N_PP*N_TP) + ub*act_prec, here 8 is used to convert to bytes, FOR mOe
A18: System architecture parameters
A19: Parameter | B19: Inter node latency (s) [C_inter] | C19: number of network cards per node | D19: bandwidth per network card (bits/s) | E19: Inter node bandwidth (bits/s) [BW_inter] | F19: inter node topology factor | G19: number of accelerators per node [N_acc_node] | H19: total intra node bandwidth | I19: intra node topology factor | J19: Number of nodes | K19: Total number of accelerators [N_acc_total]
A20: use calculation or override with user input | B20: user input | C20: user input | D20: calculated | E20: calculated | F20: user input | G20: user input | H20: calculated | I20: user input | J20: user input | K20: calculated
A21: Value used in formula | B21: =IF(B20=$C$1,B22,B23) -> 1e-07 | C21: =IF(C20=$C$1,C22,C23) -> 1 | D21: =IF(D20=$C$1,D22,D23) -> 40000000000000 | E21: =IF(E20=$C$1,E22,E23) -> 40000000000000 | F21: =IF(F20=$C$1,F22,F23) -> 0 | G21: =IF(G20=$C$1,G22,G23) -> 8 | H21: =IF(H20=$C$1,H22,H23) -> 1.6e+15 | I21: =IF(I20=$C$1,I22,I23) -> 0 | ... K21: =IF(K20=$C$1,K22,K23) -> 8
A22: user input value | B22: 1e-07 | C22: =F14 -> 1 | D22: 204800000000000 | G22: 8 | J22: 1
A23: Calculated from more detail or defined earlier | D23: =VLOOKUP($D$24,'Communication specs'!A2:B45,2,FALSE) -> 40000000000000 | E23: =C21*D21 -> 40000000000000 | H23: =M28*G21 -> 1.6e+15 | K23: =J21*G21 -> 8
A24: comments | B24: assume infiniband between nodes | D24: Optical OIO Taper-5 | F24: not used atm | I24: not used atm | J24: not used atm | K24: not used atm | L24: move this to accelerator specs tab
A25: Accelerator architecture parameters | B25: configuration in calculated row | C25: H100 SXM5
A26: Parameter | B26: frequency (cycles/s) [f] | C26: number of cores [N_cores] | D26: number of functional units per core [N_FU] | E26: functional unit hardware 8-bit MAC/cycle [W_FU] | F26: peak compute 8-bit MACs (MAC/s) | G26: OPS/MAC | H26: peak compute 8-bit (OPS/s) | I26: number of non-linear functional units per core | J26: non linear functional unit hardware 8-bit NLIN/cycle | K26: peak compute 8-bit non-linear function (NLIN/s) | L26: inter accelerator latency [C_intra] | M26: inter accelerator bandwidth (bits/s) [BW_intra] | N26: Memory capacity per accelerator (Bytes) | O26: Accelerator TDP | P26: Accelerator frequency at TDP (cycles/s)
A27: use calculation or override with user input | B27: calculated | C27: user input | D27: calculated | E27: calculated | F27: calculated | G27: user input | H27: calculated | I27: calculated | J27: calculated | K27: calculated | L27: calculated | M27: user input | N27: calculated | O27: calculated | P27: calculated
A28: Value used in formula | B28: =IF(B27=$C$1,B29,B30) -> 1800000000 | C28: =IF(C27=$C$1,C29,C30) -> 252 | D28: =IF(D27=$C$1,D29,D30) -> 4 | E28: =IF(E27=$C$1,E29,E30) -> 1024 | F28: =IF(F27=$C$1,F29,F30) -> 1.8579456e+15 | G28: =IF(G27=$C$1,G29,G30) -> 2 | H28: =IF(H27=$C$1,H29,H30) -> 3.7158912e+15 | I28: =IF(I27=$C$1,I29,I30) -> 320 | ... P28: =IF(P27=$C$1,P29,P30) -> 1800000000
A29: user input value | B29: 1410000000 | C29: 252 | D29: 4 | E29: 512 | G29: 2 | I29: =48*4 -> 192 | J29: 4 | L29: 1e-08 | M29: =M33 -> 200000000000000 | N29: 80000000000 | O29: 400
A30: Calculated from more detail or defined earlier | B30: =VLOOKUP($C$25,Accelerator[#All],2,FALSE) -> 1800000000 | C30: =VLOOKUP($C$25,Accelerator[#All],3,FALSE) -> 132 | D30: =VLOOKUP($C$25,Accelerator[#All],4,FALSE) -> 4 | E30: =VLOOKUP($C$25,Accelerator[#All],5,FALSE) -> 1024 | F30: =B28*C28*D28*E28 -> 1.8579456e+15 | H30: =F28*G28 -> 3.7158912e+15 | I30: =VLOOKUP($C$25,Accelerator[#All],6,FALSE) -> 320 | J30: =VLOOKUP($C$25,Accelerator[#All],7,FALSE) -> 4 | K30: =B28*C28*I28*J28 -> 580608000000000 | L30: =VLOOKUP($C$25,Accelerator[#All],8,FALSE) -> 1e-08 | M30: =VLOOKUP($C$25,Accelerator[#All],9,FALSE) -> 3600000000000 | N30: =VLOOKUP($C$25,Accelerator[#All],14,FALSE) -> 80000000000 | O30: =VLOOKUP($C$25,Accelerator[#All],10,FALSE) -> 700 | P30: =VLOOKUP($C$25,Accelerator[#All],2,FALSE) -> 1800000000
G31: people count 2 ops/MAC typically | M31: Optical OIO 25Tx8
A32: MoE Overhead
M33: =VLOOKUP($M$31,'Communication specs'!A2:B45,2,FALSE) -> 200000000000000

Sheet Transformer Network Parameters
F2: Main params | K2: Derived params by rules of thumb
E4: Network | F4: Tokens | G4: Dimensionality | H4: Context | I4: Layers | J4: Attention Heads | K4: query/key length | L4: value length | M4: hidden layer size | N4: Tokens to train | O4: Experts | P4: Compute cost FP16
B5: GPT-2: | C5: https://openai.com/blog/better-language-models/ | E5: min-GPT | F5: 65 | G5: 768 | H5: 128 | I5: 12 | J5: 12 | K5: =G5/J5 -> 64 | L5: =G5/J5 -> 64 | M5: =G5*4 -> 3072 | N5: 40000000000 | O5: 1
B6: GPT-2: | C6: https://openai.com/blog/better-language-models/ | E6: GPT-2 small | F6: 50257 | G6: 768 | H6: 1024 | I6: 12 | J6: 12 | K6: =G6/J6 -> 64 | L6: =G6/J6 -> 64 | M6: =G6*4 -> 3072 | N6: 40000000000 | O6: 1
B7: GPT-3: | C7: https://arxiv.org/abs/2005.14165 | E7: GPT-2 medium | F7: 50257 | G7: 1024 | H7: 1024 | I7: 24 | J7: 16 | K7: =G7/J7 -> 64 | L7: =G7/J7 -> 64 | M7: =G7*4 -> 4096 | N7: 40000000000 | O7: 1
B8: Megatron-LM | C8: https://github.com/NVIDIA/Megatron-LM | E8: GPT-2 large | F8: 50257 | G8: 1280 | H8: 1024 | I8: 36 | J8: 20 | K8: =G8/J8 -> 64 | L8: =G8/J8 -> 64 | M8: =G8*4 -> 5120 | N8: 40000000000 | O8: 1
E9: GPT-2 extralarge | F9: 50257 | G9: 1600 | H9: 1024 | I9: 48 | J9: 25 | K9: =G9/J9 -> 64 | L9: =G9/J9 -> 64 | M9: =G9*4 -> 6400 | N9: 40000000000 | O9: 1
E10: GPT-3 Small | F10: 50257 | G10: 768 | H10: 2048 | I10: 12 | J10: 12 | K10: =G10/J10 -> 64 | L10: =G10/J10 -> 64 | M10: =G10*4 -> 3072 | N10: 300000000000 | O10: 1
E11: GPT-3 Medium | F11: 50257 | G11: 1024 | H11: 2048 | I11: 24 | J11: 16 | K11: =G11/J11 -> 64 | L11: =G11/J11 -> 64 | M11: =G11*4 -> 4096 | N11: 300000000000 | O11: 1
E12: GPT-3 Large | F12: 50257 | G12: 1536 | H12: 2048 | I12: 24 | J12: 16 | K12: =G12/J12 -> 96 | L12: =G12/J12 -> 96 | M12: =G12*4 -> 6144 | N12: 300000000000 | O12: 1
E13: GPT-3 XL | F13: 50257 | G13: 2048 | H13: 2048 | I13: 24 | J13: 24 | K13: 80 | L13: 80 | M13: =G13*4 -> 8192 | N13: 300000000000 | O13: 1
E14: GPT-3 2.7B | F14: 50257 | G14: 2560 | H14: 2048 | I14: 32 | J14: 32 | K14: =G14/J14 -> 80 | L14: =G14/J14 -> 80 | M14: =G14*4 -> 10240 | N14: 300000000000 | O14: 1
E15: GPT-3 6.7 | F15: 50257 | G15: 4096 | H15: 2048 | I15: 32 | J15: 32 | K15: =G15/J15 -> 128 | L15: =G15/J15 -> 128 | M15: =G15*4 -> 16384 | N15: 300000000000 | O15: 1
E16: GPT-3 13B | F16: 50257 | G16: 5120 | H16: 2048 | I16: 40 | J16: 40 | K16: =G16/J16 -> 128 | L16: =G16/J16 -> 128 | M16: =G16*4 -> 20480 | N16: 300000000000 | O16: 1
E17: GPT-3 175B aka "GPT-3" | F17: 50257 | G17: 12288 | H17: 2048 | I17: 96 | J17: 96 | K17: =G17/J17 -> 128 | L17: =G17/J17 -> 128 | M17: =G17*4 -> 49152 | N17: 300000000000 | O17: 1 | P17: =3.14E+23 -> 3.14e+23 | R17: 300000000000
E18: Megatron 145B | F18: 51200 | G18: 12288 | H18: 2048 | I18: 80 | J18: 96 | K18: =G18/J18 -> 128 | L18: =G18/J18 -> 128 | M18: =G18*4 -> 49152 | N18: 300000000000 | O18: 1
E19: Megatron 310B | F19: 51200 | G19: 16384 | H19: 2048 | I19: 96 | J19: 128 | K19: =G19/J19 -> 128 | L19: =G19/J19 -> 128 | M19: =G19*4 -> 65536 | N19: 300000000000 | O19: 1
E20: Megatron 530B | F20: 51200 | G20: 20480 | H20: 2048 | I20: 105 | J20: 128 | K20: =G20/J20 -> 160 | L20: =G20/J20 -> 160 | M20: =G20*4 -> 81920 | N20: 300000000000 | O20: 1
E21: Megatron 1T | F21: 51200 | G21: 25600 | H21: 2048 | I21: 128 | J21: 160 | K21: =G21/J21 -> 160 | L21: =G21/J21 -> 160 | M21: =G21*4 -> 102400 | N21: 300000000000 | O21: 1
E22: QPM | F22: 51200 | G22: =(256+128)*1024 -> 393216 | H22: =8*1024 -> 8192 | I22: =512+256 -> 768 | J22: =1024+512 -> 1536 | K22: =G22/J22 -> 256 | L22: =G22/J22 -> 256 | M22: =G22*4 -> 1572864 | N22: =(1420000000000000/175000000000000)^0.74*N17 -> 1.4124285e+12 | O22: 1
E23: DeepNet/OPUS-100 | F23: 50257 | G23: 512 | H23: 128 | I23: 1000 | J23: 8 | K23: =G23/J23 -> 64 | L23: =G23/J23 -> 64 | M23: =G23*4 -> 2048 | N23: 40000000000 | O23: 1
E24: DeepNet/M2M | F24: 50257 | G24: 1024 | H24: 256 | I24: 200 | J24: 16 | K24: =G24/J24 -> 64 | L24: =G24/J24 -> 64 | M24: =G24*4 -> 4096 | N24: 40000000000 | O24: 1
E25: DeepNet/QPM | F25: 51200 | G25: 12288 | H25: 2048 | I25: =1024*512 -> 524288 | J25: 96 | K25: =G25/J25 -> 128 | L25: =G25/J25 -> 128 | M25: =G25*4 -> 49152 | N25: =(1420000000000000/175000000000000)^0.74*N20 -> 1.4124285e+12 | O25: 1
A26: Hidden | B26: Attention size | C26: Blocks | D26: Aspect Ratio | E26: DeepNet/QPM narrow | F26: 51200 | G26: 1024 | H26: 1024 | I26: =1024*1024*64 -> 67108864 | J26: 16 | K26: =G26/J26 -> 64 | L26: =G26/J26 -> 64 | M26: =G26*4 -> 4096 | N26: =(1420000000000000/175000000000000)^0.74*N21 -> 1.4124285e+12 | O26: 1
A27: 24,576 | B27: 192 | C27: 128 | D27: 192 | E27: 1T | F27: 51200 | G27: =A27/4 -> 6144 | H27: 8192 | I27: =A27/D27 -> 128 | J27: =C27 -> 128 | K27: =G27/J27 -> 48 | L27: =G27/J27 -> 48 | M27: =G27*4 -> 24576 | N27: =300000000000000 -> 300000000000000 | O27: 1
A28: 32,768 | B28: 205 | C28: 160 | D28: 204.8 | E28: 2T | F28: 51200 | G28: =A28/4 -> 8192 | H28: 8192 | I28: =A28/D28 -> 160 | J28: =C28 -> 160 | K28: =G28/J28 -> 51.2 | L28: =G28/J28 -> 51.2 | M28: =G28*4 -> 32768 | N28: =300000000000000 -> 300000000000000 | O28: 1
A29: 40,960 | B29: 213 | C29: 192 | D29: 213.3 | E29: 4T | F29: 51200 | G29: =A29/4 -> 10240 | H29: 8192 | I29: =_xlfn.FLOOR.MATH(A29/D29) -> 192 | J29: =C29 -> 192 | K29: =G29/J29 -> 53.333333 | L29: =G29/J29 -> 53.333333 | M29: =G29*4 -> 40960 | N29: =300000000000000 -> 300000000000000 | O29: 1
A30: 50,176 | B30: 224 | C30: 224 | D30: 224 | E30: 7T | F30: 51200 | G30: =A30/4 -> 12544 | H30: 8192 | I30: =_xlfn.FLOOR.MATH(A30/D30) -> 224 | J30: =C30 -> 224 | K30: =G30/J30 -> 56 | L30: =G30/J30 -> 56 | M30: =G30*4 -> 50176 | N30: =300000000000000 -> 300000000000000 | O30: 1
A31: 60,416 | B31: 236 | C31: 256 | D31: 236 | E31: 11T | F31: 51200 | G31: =A31/4 -> 15104 | H31: 8192 | I31: =_xlfn.FLOOR.MATH(A31/D31) -> 256 | J31: =C31 -> 256 | K31: =G31/J31 -> 59 | L31: =G31/J31 -> 59 | M31: =G31*4 -> 60416 | N31: =300000000000000 -> 300000000000000 | O31: 1
A32: 70,656 | B32: 245 | C32: 288 | D32: 245 | E32: 18T | F32: 51200 | G32: =A32/4 -> 17664 | H32: 8192 | I32: =_xlfn.FLOOR.MATH(A32/D32) -> 288 | J32: =C32 -> 288 | K32: =G32/J32 -> 61.333333 | L32: =G32/J32 -> 61.333333 | M32: =G32*4 -> 70656 | N32: =300000000000000 -> 300000000000000 | O32: 1
A33: 81,920 | B33: 256 | C33: 320 | D33: 256 | E33: 26T | F33: 51200 | G33: =A33/4 -> 20480 | H33: 8192 | I33: =_xlfn.FLOOR.MATH(A33/D33) -> 320 | J33: =C33 -> 320 | K33: =G33/J33 -> 64 | L33: =G33/J33 -> 64 | M33: =G33*4 -> 81920 | N33: =300000000000000 -> 300000000000000 | O33: 1
A34: 94,208 | B34: 268 | C34: 352 | D34: 267.6 | E34: 37T | F34: 51200 | G34: =A34/4 -> 23552 | H34: 8192 | I34: =_xlfn.FLOOR.MATH(A34/D34) -> 352 | J34: =C34 -> 352 | K34: =G34/J34 -> 66.909091 | L34: =G34/J34 -> 66.909091 | M34: =G34*4 -> 94208 | N34: =300000000000000 -> 300000000000000 | O34: 1
A35: 106,496 | B35: 277 | C35: 384 | D35: 277.3 | E35: 53T | F35: 51200 | G35: =A35/4 -> 26624 | H35: 8192 | I35: =_xlfn.FLOOR.MATH(A35/D35) -> 384 | J35: =C35 -> 384 | K35: =G35/J35 -> 69.333333 | L35: =G35/J35 -> 69.333333 | M35: =G35*4 -> 106496 | N35: =300000000000000 -> 300000000000000 | O35: 1
A36: 119,808 | B36: 288 | C36: 416 | D36: 288 | E36: 72T | F36: 51200 | G36: =A36/4 -> 29952 | H36: 8192 | I36: =_xlfn.FLOOR.MATH(A36/D36) -> 416 | J36: =C36 -> 416 | K36: =G36/J36 -> 72 | L36: =G36/J36 -> 72 | M36: =G36*4 -> 119808 | N36: =300000000000000 -> 300000000000000 | O36: 1
A37: 134,144 | B37: 299 | C37: 448 | D37: 299.4 | E37: 96T | F37: 51200 | G37: =A37/4 -> 33536 | H37: 8192 | I37: =_xlfn.FLOOR.MATH(A37/D37) -> 448 | J37: =C37 -> 448 | K37: =G37/J37 -> 74.857143 | L37: =G37/J37 -> 74.857143 | M37: =G37*4 -> 134144 | N37: =300000000000000 -> 300000000000000 | O37: 1
A38: 148,480 | B38: 309 | C38: 480 | D38: 309.3 | E38: 128T | F38: 51200 | G38: =A38/4 -> 37120 | H38: 8192 | I38: =_xlfn.FLOOR.MATH(A38/D38) -> 480 | J38: =C38 -> 480 | K38: =G38/J38 -> 77.333333 | L38: =G38/J38 -> 77.333333 | M38: =G38*4 -> 148480 | N38: =300000000000000 -> 300000000000000 | O38: 1
E39: MoE-350M-128 | F39: 51200 | G39: 1024 | H39: 2048 | I39: 24 | J39: 16 | K39: 64 | L39: 64 | M39: =G39*4 -> 4096 | N39: =300000000000 -> 300000000000 | O39: 128
E40: MoE-1.3B-128 | F40: 51200 | G40: 2048 | H40: 2048 | I40: 24 | J40: 16 | K40: 128 | L40: 128 | M40: 8192 | N40: 300000000000 | O40: 128
E41: MoE-8B-64 | F41: 256000 | G41: 4096 | H41: 1024 | I41: 32 | J41: 32 | K41: 224 | L41: 224 | M41: 16384 | N41: 280000000000 | O41: 64
E42: MoE-64B-64 | F42: 256000 | G42: 8192 | H42: 1024 | I42: 64 | J42: 128 | K42: 112 | L42: 112 | M42: 32768 | N42: 280000000000000 | O42: 64
E43: MoE-500M-512 | F43: 51200 | G43: 2048 | H43: 2048 | I43: 24 | J43: 32 | K43: 128 | L43: 128 | M43: 8192 | N43: 300000000000 | O43: 512 | Q43: note: paper does not list #heads or lengths
E44: MoE-6B-512 | F44: 51200 | G44: 4096 | H44: 2048 | I44: 32 | J44: 32 | K44: 128 | L44: 128 | M44: 16384 | N44: 300000000000 | O44: 512
E45: MoE-GPT-1024 | F45: 50257 | G45: 12288 | H45: 2048 | I45: 96 | J45: 96 | K45: 128 | L45: 128 | M45: 49152 | N45: 300000000000 | O45: 1024
E46: MoE-QPM-expert-scaling | F46: 50257 | G46: 12288 | H46: 2048 | I46: 96 | J46: 96 | K46: 128 | L46: 128 | M46: 49152 | N46: 300000000000 | O46: 17246
E47: MoE-QPM-layer-scaling | F47: 50257 | G47: 12288 | H47: 2048 | I47: 1616 | J47: 96 | K47: 128 | L47: 128 | M47: 49152 | N47: 300000000000 | O47: 1024
E48: MoE-QPM-dim-scaling | F48: 50257 | G48: 50400 | H48: 2048 | I48: 96 | J48: 96 | K48: 525 | L48: 525 | M48: 201600 | N48: 300000000000 | O48: 1024
E49: MoE-QPM-Mixed | F49: 50257 | G49: 16384 | H49: 2048 | I49: 480 | J49: 128 | K49: 128 | L49: 128 | M49: 65536 | N49: 300000000000 | O49: 2048
B50: GPT-3: | C50: https://arxiv.org/abs/2005.14165 | E50: GPT-custom | F50: 28782 | G50: 512 | H50: 512 | I50: 8 | J50: 8 | K50: =G50/J50 -> 64 | L50: =G50/J50 -> 64 | M50: 512 | N50: 40.00E+9 | O50: 1
B51: GPT-2: | C51: https://openai.com/blog/better-language-models/ | E51: min-GPT | F51: 65 | G51: 768 | H51: 128 | I51: 12 | J51: 12 | K51: =G51/J51 -> 64 | L51: =G51/J51 -> 64 | M51: =G51*4 -> 3072 | N51: 40000000000 | O51: 1

Sheet Performance Model
A1: Training time breakdown
A2: Parameter | B2: Total time to train (s) | C2: Total time to train (days) | D2: Total time to train (years) | E2: Computation time forward pass (s) | F2: Computation time backward pass (s) | G2: Computation time weight updates (s) | H2: Total computation time (s) | I2: Communication time forward pass: tensor parallellism intra node (s) | J2: Communication time forward pass: tensor parallellism inter node (s) | K2: Communication time forward pass: pipeline parallellism (s) | L2: Communication time forward pass: Zero-DP (ad-hoc model gathering) (s) | M2: Total communication time forward pass (s) | N2: Communication time backward pass: tensor parallellism intra node (s) | O2: Communication time backward pass: tensor parallellism inter node (s) | P2: Communication time backward pass: pipeline parallellism (s) | Q2: Communication time backward pass: Zero-DP (ad-hoc model gathering) (s) | R2: Total communication time backward pass (s) | S2: Communication time: all-reduce gradients for DP intra node (s) | T2: Communication time: all-reduce gradients for DP inter node (s) | U2: Communication time: all-reduce gradients for DP total (s) | V2: Total communication time (s) | W2: Waiting Time due to pipeline bubbles (s) | X2: total MACs | Y2: TFLOPS | Z2: total TFLOPS/sec | AA2: TFLOP/sec/GPU | AB2: TFLOP/sec/GPU (peak) | AC2: MoE FW pass communication overhead time (s) | AD2: MoE BW pass communication overhead time (s) | AE2: MoE Gating netowrk: compute overhead time (s) | AF2: Total MoE communication overhead time
A3: use calculation or override with user input | B3: calculated | C3: calculated | D3: calculated | E3: calculated | F3: calculated | G3: calculated | H3: calculated | I3: calculated | J3: calculated | K3: calculated | L3: calculated | M3: calculated | N3: calculated | O3: calculated | P3: calculated | Q3: calculated | R3: calculated | S3: calculated | T3: calculated | U3: calculated | V3: calculated | W3: calculated | X3: calculated | Y3: calculated | Z3: calculated | AA3: calculated | AB3: calculated | AC3: calculated | AD3: calculated | AE3: calculated | AF3: calculated
A4: Value used in formula | B4: =IF(B3=Inputs!$C$1,B5,B6) -> 3.5781399e+13 | C4: =IF(C3=Inputs!$C$1,C5,C6) -> 4.1413657e+08 | D4: =IF(D3=Inputs!$C$1,D5,D6) -> 1134620.7 | E4: =IF(E3=Inputs!$C$1,E5,E6) -> 1.0225248e+13 | F4: =IF(F3=Inputs!$C$1,F5,F6) -> 2.044585e+13 | G4: =IF(G3=Inputs!$C$1,G5,G6) -> 5.1103011e+12 | H4: =IF(H3=Inputs!$C$1,H5,H6) -> 3.5781399e+13 | I4: =IF(I3=Inputs!$C$1,I5,I6) -> 0 | ... AF4: =IF(AF3=Inputs!$C$1,AF5,AF6) -> 0
A5: user input value
A6: Calculated from more detail or defined earlier | B6: =B9 -> 3.5781399e+13 | C6: =B4/60/60/24 -> 4.1413657e+08 | D6: =C4/365 -> 1134620.7 | E6: =D23*C23*B23/(Inputs!J14*Inputs!K14*Inputs!L14) -> 1.0225248e+13 | F6: =F23*C23*B23/(Inputs!J14*Inputs!K14*Inputs!L14) -> 2.044585e+13 | G6: =B23*H23*C23/(Inputs!J14*Inputs!K14*Inputs!L14) -> 5.1103011e+12 | H6: =SUM(E4:G4) -> 3.5781399e+13 | I6: =B98*C23*B23 -> 0 | J6: =B108*C23*B23 -> 0 | K6: =MAX(D85,E85)*C23*B23 -> 0 | L6: =F85*(B85+C85+MAX(D85,E85))*C23*B23 -> 0 | M6: =SUM(I4:L4)+AC4 -> 0 | N6: =B161*C23*B23 -> 0 | O6: =B171*C23*B23 -> 0 | P6: =MAX(B181,B191)*C23*B23 -> 0 | Q6: =F154*(B161+B171+MAX(B181,B191))*C23*B23 -> 0 | R6: =SUM(N4:Q4)+AD4 -> 0 | S6: =B234*C23*B23 -> 0 | T6: =B244*B23*C23 -> 0 | U6: =S4+T4 -> 0 | V6: =M4+R4+U4+W6 -> 0 | W6: =B28*B23*C23 -> 0 | X6: =(C41+D41+F41+G41+C143+D143+E143+F143+C207)*C23*B23+M41*C23*B23/2 -> 7.4057799e+27 | Y6: =X6/10^12*2 -> 1.481156e+16 | Z6: =Y6/B19 -> 413.94579 | AA6: =Z6/Inputs!M14 -> 413.94579 | AB6: =Inputs!H28*8/Inputs!B7/1000000000000 -> 1857.9456 | AC6: =B23*C23*B268 -> 0 | AD6: =B23*C23*B277 -> 0 | AE6: =C23*B41*(M41/2)*_xlfn.CEILING.MATH(MAX(G53:H53)/I53) -> 0 | AF6: =AC4+AD4 -> 0
A7: comments
A8: Top Level
A9: Total Time to train (s) | B9: =MAX(B13,C13)+D13 -> 3.5781399e+13
A10: Assumptions | B10: assume it's known how instructions, operations, ... are split across accelerators and cpu cores up front (either by algorithm implementation, or by nature of said instructions and operations (seq, parallel, memory pattern , ...)
A11: Parameter | B11: Time estimated for all accelerator instructions (s) [T_multi_accel] | C11: Time estimated for all CPU instructions (s) [T_multi_cpu] | D11: Extra time lost because of dependencies between CPUs and accelerators (s) [D_cpu2accel]
A12: use calculation or override with user input | B12: calculated | C12: user input | D12: user input
A13: Value used in formula | B13: =IF(B12=Inputs!$C$1,B14,B15) -> 3.5781399e+13 | C13: =IF(C12=Inputs!$C$1,C14,C15) -> 0 | D13: =IF(D12=Inputs!$C$1,D14,D15) -> 0
A14: user input value | C14: 0 | D14: 0
A15: Calculated from more detail | B15: =B19 -> 3.5781399e+13 | C15: insert cpu model | D15: insert dependency model
A16: comments | C16: cpu model is not needed as we assume time is dominated by accelerator
A18: Time spent in Multi GPU (s)
A19: C_multi_accel (s) | B19: =B23*C23*((D23+F23+H23)/(Inputs!J14*Inputs!K14*Inputs!L14)+E23+J23+G23+K23) -> 3.5781399e+13
A20: Assumptions | B20: layers are assumed uniform based on the average layer size and average connectivity between neurons (easy to extend in the formula, but not in excel)
A21: Parameter | B21: number of batches [N_batch] | C21: number of layers [L] | D21: Compute time forward pass (s) [U_f] | E21: Communication time forward pass (s) [M_f] | F21: Compute time backward pass (s) [U_b] | G21: Communication time backward pass (s) [M_b] | H21: Weight update time (s) [U_w] | I21: data parallellism degree [N_DP] (how many copies of the model) | J21: Communication time spent in allreduce (s) [M_all] | K21: Waiting time due to pipeline bubbles (s) [T_wait] | L21: Microbatches (N_microbatch) | M21: Degree of pipeline parallelism (N_PP) | N21: Degree of tensor parallelism (N_TP)
A22: use calculation or override with user input | B22: calculated | C22: calculated | D22: calculated | E22: calculated | F22: calculated | G22: calculated | H22: calculated | I22: calculated | J22: calculated | K22: calculated | L22: calculated | M22: calculated | N22: calculated
A23: Value used in formula | B23: =IF(B22=Inputs!$C$1,B24,B25) -> 7152557.4 | C23: =IF(C22=Inputs!$C$1,C24,C25) -> 480 | D23: =IF(D22=Inputs!$C$1,D24,D25) -> 2978.3193 | E23: =IF(E22=Inputs!$C$1,E24,E25) -> 0 | F23: =IF(F22=Inputs!$C$1,F24,F25) -> 5955.2855 | G23: =IF(G22=Inputs!$C$1,G24,G25) -> 0 | H23: =IF(H22=Inputs!$C$1,H24,H25) -> 1488.4831 | I23: =IF(I22=Inputs!$C$1,I24,I25) -> 1 | ... N23: =IF(N22=Inputs!$C$1,N24,N25) -> 1
A24: user input value | J24: 0
A25: Calculated from more detail or defined earlier | B25: =Inputs!M7 -> 7152557.4 | C25: =Inputs!N7 -> 480 | D25: =B37 -> 2978.3193 | E25: =B81 -> 0 | F25: =B139 -> 5955.2855 | G25: =B150 -> 0 | H25: =B203 -> 1488.4831 | I25: =Inputs!J14 -> 1 | J25: =B226 -> 0 | K25: =B28 -> 0 | L25: =Inputs!B14 -> 1 | M25: =Inputs!L14 -> 1 | N25: =Inputs!K14 -> 1
A26: comments
A27: Waiting time due to pipeline bubbles per batch (s)
A28: T_wait (s) | B28: =B32*(Inputs!L14-1)*((D23+F23)/(Inputs!J14*Inputs!K14*Inputs!L14*Inputs!N7)+E23+G23)/Inputs!B14 -> 0
A29: Assumptions | B29: assuming naive pipeline, but you can scale it down with the non overlapping factor
A30: Parameter | B30: non_overlapping pipeline bubbles [R_non_overlapping]
A31: use calculation or override with user input | B31: user input
A32: Value used in formula | B32: =IF(B31=Inputs!$C$1,B33,B34) -> 1
A33: user input value | B33: 1
A34: Calculated from more detail or defined earlier
A35: comments
A36: Compute time forward pass (s) (full batch, as we scale with parallellism steps above already to model minibatch/microbatch)
A37: U_f (s) | B37: =B41*(C41+D41+M41/2+N41)*_xlfn.CEILING.MATH(MAX(G53:H53)/I53)+E41*(F41+G41)*_xlfn.CEILING.MATH(Inputs!C7/G73) -> 2978.3193
A38: Assumptions
A39: Parameter | B39: reciprocal of throughput of MAC ops (s/OP) [C_MAC] | C39: Number of MACs performed in layer l, sublayer i [N_MAC(l,i)] for attention sublayer | D39: Number of MACs performed in layer l, sublayer i [N_MAC(l,i)] for fullyconnected sublayer | E39: reciprocal of throughput of nonlinear function calculation (s/ACT) [C_nonlin] | F39: Number of nonlinear operations in layer l, sublayer i (N_nonlin(l,i)) for attention sublayer | G39: Number of nonlinear operations in layer l, sublayer i (N_nonlin(l,i)) for fullyconnected sublayer | H39: Precision of weights in layer l, sublayer i (S_param (l,i)) for attention sublayer | I39: Precision of weights in layer l, sublayer i (S_param (l,i)) for fullyconnected sublayer | J39: MAC_bitwidth (W_FU_MAC) | K39: Precision of activations in layer l, sublayer i (S_activation(l,i)) for attention sublayer | L39: Precision of activations in layer l, sublayer i (S_activation(l,i)) for fully connected sublayer | M39: Number of Gating MACs per layer | N39: Decoder MACs
A40: use calculation or override with user input | B40: calculated | C40: calculated | D40: calculated | E40: calculated | F40: calculated | G40: calculated | H40: calculated | I40: calculated | J40: user input | K40: calculated | L40: calculated | M40: calculated | N40: calculated
A41: Value used in formula | B41: =IF(B40=Inputs!$C$1,B42,B43) -> 2.0701111e-15 | C41: =IF(C40=Inputs!$C$1,C42,C43) -> 2.5668099e+17 | D41: =IF(D40=Inputs!$C$1,D42,D43) -> 4.6234464e+17 | E41: =IF(E40=Inputs!$C$1,E42,E43) -> 4.3402778e-13 | F41: =IF(F40=Inputs!$C$1,F42,F43) -> 1.5569256e+12 | G41: =IF(G40=Inputs!$C$1,G42,G43) -> 1900544000 | H41: =IF(H40=Inputs!$C$1,H42,H43) -> 16 | I41: =IF(I40=Inputs!$C$1,I42,I43) -> 16 | ... N41: =IF(N40=Inputs!$C$1,N42,N43) -> 9730785280000
A42: user input value | B42: 1e-15 | C42: 528000000000000 | D42: 880000000000000 | J42: 8
A43: Calculated from more detail or defined earlier | B43: =B49 -> 2.0701111e-15 | C43: =Inputs!Y7 -> 2.5668099e+17 | D43: =Inputs!Z7 -> 4.6234464e+17 | E43: =B69 -> 4.3402778e-13 | F43: =Inputs!AA7 -> 1.5569256e+12 | G43: =Inputs!AB7 -> 1900544000 | H43: =Inputs!B7 -> 16 | I43: =Inputs!B7 -> 16 | K43: =Inputs!C7 -> 16 | L43: =Inputs!C7 -> 16 | M43: =Inputs!AT7 -> 0 | N43: =Inputs!AZ7 -> 9730785280000
A44: comments | B44: (C41+D41) --> (C41+D41+M41/2) due to additional gating flops
A48: Reciprocal of OPS (average time per OP)
A49: C_MAC (s/OP) | B49: =1/(B53*C53*D53*E53*F53) -> 2.0701111e-15 | C49: =1/B49 -> 483065856000000
A50: Assumptions
A51: Parameter | B51: frequency (cycles/s) [f] | C51: number of cores [N_cores] | D51: number of functional units per core [N_FU] | E51: efficiency aka occupancy of GPUs (eff(b)) | F51: functional unit hardware MACs/cycle in 8-bit precision [W_FU] | G51: Precision of weights in layer l, sublayer i (S_param (l,i)) for attention sublayer | H51: Precision of weights in layer l, sublayer i (S_param (l,i)) for fullyconnected sublayer | I51: MAC_bitwidth (W_FU_MAC) | J51: Precision of activations in layer l, sublayer i (S_activation(l,i)) for attention sublayer | K51: Precision of activations in layer l, sublayer i (S_activation(l,i)) for fully connected sublayer
A52: use calculation or override with user input | B52: calculated | C52: calculated | D52: calculated | E52: user input | F52: calculated | G52: calculated | H52: calculated | I52: user input | J52: calculated | K52: calculated
A53: Value used in formula | B53: =IF(B52=Inputs!$C$1,B54,B55) -> 1800000000 | C53: =IF(C52=Inputs!$C$1,C54,C55) -> 252 | D53: =IF(D52=Inputs!$C$1,D54,D55) -> 4 | E53: =IF(E52=Inputs!$C$1,E54,E55) -> 0.26 | F53: =IF(F52=Inputs!$C$1,F54,F55) -> 1024 | G53: =IF(G52=Inputs!$C$1,G54,G55) -> 16 | H53: =IF(H52=Inputs!$C$1,H54,H55) -> 16 | I53: =IF(I52=Inputs!$C$1,I54,I55) -> 8 | ... K53: =IF(K52=Inputs!$C$1,K54,K55) -> 16
A54: user input value | E54: 0.26 | I54: 8
A55: Calculated from more detail or defined earlier | B55: =Inputs!B28 -> 1800000000 | C55: =Inputs!C28 -> 252 | D55: =Inputs!D28 -> 4 | E55: =B59 -> 0.91 | F55: =Inputs!E28 -> 1024 | G55: =Inputs!B7 -> 16 | H55: =Inputs!B7 -> 16 | J55: =Inputs!C7 -> 16 | K55: =Inputs!C7 -> 16
A56: comments | I56: please keep fixed at 8 bit for now, use weight/act/error precison to scale
A58: eff (ub) Efficiency as a function of ubatch size
A59: eff (ub) | B59: =IF(C63>0.25, IF(B63<2048, C63,0.91),0.25) -> 0.91
A60: Assumptions | B60: efficiency factor to play with some microarchitectural miss factors instead of pure peak compute value, experimentally from paper based on ubatch size
A61: Parameter | B61: ubatch size (ub) | C61: efficiency fitted formula
A62: use calculation or override with user input | B62: calculated | C62: user input
A63: Value used in formula | B63: =IF(B62=Inputs!$C$1,B64,B65) -> 5120 | C63: =IF(C62=Inputs!$C$1,C64,C65) -> 0.26
A64: user input value | B64: 96 | C64: 0.26
A65: Calculated from more detail or defined earlier | B65: =IF(Inputs!L14=1, Inputs!F7, Inputs!G7) -> 5120 | C65: =0.980445/(1+(34.445/B63)) -> 0.9738931
A66: comments
A68: C_NONLIN
A69: C_nonlin (s/nonlin) | B69: =1/(B73*C73*D73) -> 4.3402778e-13
A70: Assumptions
A71: Parameter | B71: frequency (cycles/s) [f] | C71: number of nonlinear units [N_FU_nonlin] | D71: functional unit hardware NLIN/cycle [W_FU_nonlin] | E71: Precision of nonlinear data (S_nonlin(l,i)) for attention sublayer | F71: Precision of nonlinear data (S_nonlin(l,i)) for fullyconnected sublayer | G71: non-linear function unit width (W_FU_nonlin)
A72: use calculation or override with user input | B72: calculated | C72: calculated | D72: calculated | E72: calculated | F72: calculated | G72: user input
A73: Value used in formula | B73: =IF(B72=Inputs!$C$1,B74,B75) -> 1800000000 | C73: =IF(C72=Inputs!$C$1,C74,C75) -> 320 | D73: =IF(D72=Inputs!$C$1,D74,D75) -> 4 | E73: =IF(E72=Inputs!$C$1,E74,E75) -> 16 | F73: =IF(F72=Inputs!$C$1,F74,F75) -> 16 | G73: =IF(G72=Inputs!$C$1,G74,G75) -> 8
A74: user input value | G74: 8
A75: Calculated from more detail or defined earlier | B75: =Inputs!B28 -> 1800000000 | C75: =Inputs!I28 -> 320 | D75: =Inputs!J28 -> 4 | E75: =Inputs!B7 -> 16 | F75: =Inputs!B7 -> 16
A76: comments | E76: same as activiation precision for now | F76: same as activation precision for now | G76: please keep fixed at 8 bit for now, use weight/act/error precison to scale
A80: Communication time forward pass (s)
A81: M_f (s) | B81: =(B85+C85+2*B268+MAX(D85,E85))*(1+F85) -> 0
A82: Assumptions | B82: full batch, single layer | C82: assuming hierarchical all-reduces (first reduce inside node, then reduce across nodes with less data)
A83: Parameter | B83: communication time for intra node tensor parallelism (M_f_TP_intra (l)) | C83: communication time for inERa node tensor parallelism (M_f_TP_inter (l)) | D83: communication time for intra node pipeline parallelism (M_f_PP_intra (l)) | E83: communication time for inter node pipeline parallelism (M_f_PP_inter (l)) | F83: overhead communication time for zero DP parallelism for weights (M_f_DP (l)) | G83: MoE overhead in communication (all-to-all despatch+combine)
A84: use calculation or override with user input | B84: calculated | C84: calculated | D84: calculated | E84: calculated | F84: user input
A85: Value used in formula | B85: =IF(B84=Inputs!$C$1,B86,B87) -> 0 | C85: =IF(C84=Inputs!$C$1,C86,C87) -> 0 | D85: =IF(D84=Inputs!$C$1,D86,D87) -> 0 | E85: =IF(E84=Inputs!$C$1,E86,E87) -> 0 | F85: =IF(F84=Inputs!$C$1,F86,F87) -> 0.25
A86: user input value | F86: 0.25 | N86: Broadcast | R86: Reduction
A87: Calculated from more detail or defined earlier | B87: =B98 -> 0 | C87: =B108 -> 0 | D87: =B118 -> 0 | E87: =B128 -> 0 | N87: One to All | O87: All to All | P87: Personalized (One to One) | R87: All to One | S87: All to All
A88: comments | F88: placeholder until we model in more detail | M88: Chain
M89: Bus
A90: Communication Topology (Broadcast) | B90: Ring | C90: only ring implemented for now | M90: Ring | N90: 2(P-1)
A91: Communication Topology (Reduce) | B91: Ring | C91: only ring implemented for now | M91: Mesh
A92: steps to execute all-reduce algorithm on ring topology | B92: 2(N-1)/N | C92: captured in N_topo (comm_type), the number of communication steps required for this type of communication on this type of topology, divided by N | M92: Torus
A93: steps to execute broadcast algorithm on ring topology | B93: 0.5
A94: steps to execute broadcast algorithm on tree topology | B94: log (N)/N | M94: Tree
A95: naive data level parallellism | B95: no communication in forward pass | M95: Butterfly
A96: zero powered DP | B96: model param are communicated ad-hoc just in time (broadcasts) and discarded afterwards (should be in total 1 time the model size extra) | M96: Dragonfly
A97: Communication time forward pass (s): Tensor model intra (M_f_TP_intra)
A98: M_f_TP_intra (s) | B98: =B102*F102*Inputs!D14+C102*D102*F102/(E102) -> 0
A99: Assumptions | B99: assuming a ring topology
A100: Parameter | B100: Intra-node latency (s) [C_intra] | C100: Number of intra-node communications from layer L -1 to layer L with comm_type all-reduce [N_act_intra (l,comm_type)] | D100: Size of each activation (bits) [Sactivation] | E100: Network Bandwidth (bits/s) [Bw_intra] | F100: communication steps for all-reduce comm type (N_topo_intra (comm_type))
A101: use calculation or override with user input | B101: calculated | C101: calculated | D101: calculated | E101: calculated | F101: calculated
A102: Value used in formula | B102: =IF(B101=Inputs!$C$1,B103,B104) -> 1e-08 | C102: =IF(C101=Inputs!$C$1,C103,C104) -> 6.4871902e+09 | D102: =IF(D101=Inputs!$C$1,D103,D104) -> 16 | E102: =IF(E101=Inputs!$C$1,E103,E104) -> 200000000000000 | F102: =IF(F101=Inputs!$C$1,F103,F104) -> 0
A103: user input value
A104: Calculated from more detail or defined earlier | B104: =Inputs!L28 -> 1e-08 | C104: =IF(Inputs!H14=1,2*Inputs!L7,2*Inputs!L7) -> 6.4871902e+09 | D104: =Inputs!C7 -> 16 | E104: =Inputs!M28 -> 200000000000000 | F104: =2*(Inputs!D14-1)/Inputs!D14 -> 0
A105: comments | C105: MLP : allreduce Zi (g), self attention: same, so N_act is 2*b*s*h for all-reduce | F105: fixed at ring- all-reduce for now
A107: Communication time forward pass (s): tensor parallel inter (M_f_TP_inter)
A108: M_f_TP_inter (s) | B108: =B112*F112*Inputs!H14+C112*D112*F112/E112 -> 0
A109: Assumptions | B109: ring topology
A110: Parameter | B110: Inter-node latency (s) [C_inter] | C110: Number of inter-node communications from layer L -1 to layer L with comm_type all-reduce [N_act_inter (l,comm_type)] | D110: Size of each activation (bits) [Sactivation] | E110: Network Bandwidth (bits/s) [Bw_inter] | F110: communication steps for all-reduce comm type (N_topo (comm_type))
...

Sheet Data to be transfered
A1: Intra | C1: Inter
A2: TP | C2: TP
A3: Forward pass (Bits) | B3: Backward pass (Bits) | C3: Forward pass (Bits) | D3: Backward pass (Bits)
A4: ='Performance Model'!F102*Inputs!D14+'Performance Model'!C102*'Performance Model'!D102*'Performance Model'!F102 -> 0 | C4: ='Performance Model'!F112*Inputs!H14+'Performance Model'!C112*'Performance Model'!D112*'Performance Model'!F112 -> 0

Sheet Scenario Summary
B2: Breakdown | C2: ='Performance Model'!B2 -> Total time to train (s) | D2: ='Performance Model'!C2 -> Total time to train (days) | E2: ='Performance Model'!D2 -> Total time to train (years) | F2: ='Performance Model'!E2 -> Computation time forward pass (s) | G2: ='Performance Model'!F2 -> Computation time backward pass (s) | H2: ='Performance Model'!G2 -> Computation time weight updates (s) | I2: ='Performance Model'!H2 -> Total computation time (s) | J2: ='Performance Model'!I2 -> Communication time forward pass: tensor parallellism intra node (s) | ... V2: ='Performance Model'!U2 -> Communication time: all-reduce gradients for DP total (s) | W2: Total MoE communication overhead | X2: ='Performance Model'!V2 -> Total communication time (s) | Y2: ='Performance Model'!W2 -> Waiting Time due to pipeline bubbles (s) | Z2: ='Performance Model'!X2 -> total MACs | AA2: ='Performance Model'!Y2 -> TFLOPS | AB2: ='Performance Model'!Z2 -> total TFLOPS/sec | AC2: ='Performance Model'!AA2 -> TFLOP/sec/GPU | AD2: ='Performance Model'!AB2 -> TFLOP/sec/GPU (peak) | AE2: ='Energy Model'!C2 -> Total energy to train (J) | AF2: ='Energy Model'!D2 -> Average overall power (W) | AG2: ='Energy Model'!E2 -> Energy efficiency (ops/s/W or ops/J) ) aka inverse of power delay product | AH2: ='Energy Model'!F2 -> (ops/s)^2/W aka inverse of energy-delay product | AI2: ='Energy Model'!G2 -> (ops/s)^3/W aka inverse of energy-delay-square prodct | AJ2: ='Energy Model'!H2 -> Energy due to accelerators computing | AK2: ='Energy Model'!I2 -> Energy due to accelerators idling | AL2: ='Energy Model'!J2 -> Energy due to intra node communication | ... AO2: ='Energy Model'!M2 -> Energy due to overhead of datacenter
B3: Current configuration: | C3: ='Performance Model'!B4 -> 3.5781399e+13 | D3: ='Performance Model'!C4 -> 4.1413657e+08 | E3: ='Performance Model'!D4 -> 1134620.7 | F3: ='Performance Model'!E4 -> 1.0225248e+13 | G3: ='Performance Model'!F4 -> 2.044585e+13 | H3: ='Performance Model'!G4 -> 5.1103011e+12 | I3: ='Performance Model'!H4 -> 3.5781399e+13 | J3: ='Performance Model'!I4 -> 0 | ... V3: ='Performance Model'!U4 -> 0 | W3: ='Performance Model'!AF4 -> 0 | X3: ='Performance Model'!V4 -> 0 | Y3: ='Performance Model'!W4 -> 0 | Z3: ='Performance Model'!X4 -> 7.4057799e+27 | AA3: ='Performance Model'!Y4 -> 1.481156e+16 | AB3: ='Performance Model'!Z4 -> 413.94579 | AC3: ='Performance Model'!AA4 -> 413.94579 | AD3: ='Performance Model'!AB4 -> 1857.9456 | AE3: ='Energy Model'!C4 -> 8.3299098e+16 | AF3: ='Energy Model'!D4 -> 2328 | AG3: ='Energy Model'!E4 -> 1.7781177e+11 | AH3: ='Energy Model'!F4 -> 7.3604433e+25 | AI3: ='Energy Model'!G4 -> 3.0468245e+40 | AJ3: ='Energy Model'!H4 -> 2.2900096e+16 | AK3: ='Energy Model'!I4 -> 0 | AL3: ='Energy Model'!J4 -> 0 | ... AO3: ='Energy Model'!M4 -> 1.3883183e+16
B4: relative: | F4: =F3/$C$3 -> 0.28576993 | G4: =G3/$C$3 -> 0.57141002 | H4: =H3/$C$3 -> 0.14282005 | I4: =I3/$C$3 -> 1 | J4: =J3/$C$3 -> 0 | K4: =K3/$C$3 -> 0 | L4: =L3/$C$3 -> 0 | M4: =M3/$C$3 -> 0 | ... Y4: =Y3/$C$3 -> 0 | AJ4: =AJ3/$AE$3 -> 0.27491409 | AK4: =AK3/$AE$3 -> 0 | AL4: =AL3/$AE$3 -> 0 | AM4: =AM3/$AE$3 -> 0 | AN4: =AN3/$AE$3 -> 0.55841924 | AO4: =AO3/$AE$3 -> 0.16666667
B6: Copy values over in below table to create multiple data points to plot
B7: Configuration | C7: ='Performance Model'!B2 -> Total time to train (s) | D7: ='Performance Model'!C2 -> Total time to train (days) | E7: ='Performance Model'!D2 -> Total time to train (years) | F7: ='Performance Model'!E2 -> Computation time forward pass (s) | G7: ='Performance Model'!F2 -> Computation time backward pass (s) | H7: ='Performance Model'!G2 -> Computation time weight updates (s) | I7: ='Performance Model'!H2 -> Total computation time (s) | J7: ='Performance Model'!I2 -> Communication time forward pass: tensor parallellism intra node (s) | ... V7: ='Performance Model'!U2 -> Communication time: all-reduce gradients for DP total (s) | W7: Total MoE communication overhead | X7: ='Performance Model'!V2 -> Total communication time (s) | Y7: ='Performance Model'!W2 -> Waiting Time due to pipeline bubbles (s) | Z7: ='Performance Model'!X2 -> total MACs | AA7: ='Performance Model'!Y2 -> TFLOPS | AB7: ='Performance Model'!Z2 -> total TFLOPS/sec | AC7: ='Performance Model'!AA2 -> TFLOP/sec/GPU | AD7: ='Performance Model'!AB2 -> TFLOP/sec/GPU (peak) | AE7: ='Energy Model'!C2 -> Total energy to train (J) | AF7: ='Energy Model'!D2 -> Average overall power (W) | AG7: ='Energy Model'!E2 -> Energy efficiency (ops/s/W or ops/J) ) aka inverse of power delay product | AH7: ='Energy Model'!F2 -> (ops/s)^2/W aka inverse of energy-delay product | AI7: ='Energy Model'!G2 -> (ops/s)^3/W aka inverse of energy-delay-square prodct | AJ7: ='Energy Model'!H2 -> Energy due to accelerators computing | AK7: ='Energy Model'!I2 -> Energy due to accelerators idling | AL7: ='Energy Model'!J2 -> Energy due to intra node communication | ... AO7: ='Energy Model'!M2 -> Energy due to overhead of datacenter
B8: Test config 1 | C8: 1175164 | D8: 13.601435 | E8: 0.037264205 | F8: 130803.83 | G8: 261274.84 | H8: 65785.95 | I8: 457864.62 | J8: 50177.282 | K8: 0 | L8: 2688.0143 | M8: 13216.324 | N8: 108328.3 | O8: 100353.28 | P8: 0 | Q8: 5376.0143 | R8: 26432.324 | S8: 216597.3 | T8: 0 | U8: 88364.989 | V8: 88364.989 | W8: 126682.36 | X8: 413290.59 | Y8: 113985.24 | Z8: 5.7257777e+22 | AA8: 1.1451555e+11 | AB8: 97446.447 | AC8: 63.441698 | AD8: 311.86944 | AE8: 7.2089147e+11 | AF8: 613439.05 | AG8: 1.588527e+11 | AH8: 1.5479631e+28 | AI8: 1.508435e+45 | AJ8: 2.3911522e+11 | AK8: 5.6692696e+10 | AL8: 8.8801284e+09 | AM8: 2733922560 | AN8: 2.9332093e+11 | AO8: 1.2014858e+11
B9: Test config 2 | C9: 786549.42 | D9: 9.1035813 | E9: 0.024941319 | F9: 41966.453 | G9: 83776.482 | H9: 21081.407 | I9: 146824.34 | J9: 33451.948 | K9: 0 | L9: 2688.0143 | M9: 9034.9907 | N9: 87397.132 | O9: 66902.615 | P9: 0 | Q9: 5376.0143 | R9: 18069.657 | S9: 174734.96 | T9: 0 | U9: 88364.989 | V9: 88364.989 | W9: 126608.86 | X9: 350497.09 | Y9: 99314.713 | Z9: 5.7257777e+22 | AA9: 1.1451555e+11 | AB9: 145592.32 | AC9: 94.786666 | AD9: 973.2096 | AE9: 3.8604238e+11 | AF9: 490804.99 | AG9: 2.9663985e+11 | AH9: 4.3188484e+28 | AI9: 6.2879115e+45 | AJ9: 6.5401435e+10 | AK9: 4.8363765e+10 | AL9: 8.8801284e+09 | AM9: 2733922560 | AN9: 1.9632274e+11 | AO9: 6.4340397e+10
B10: Test config 3 | C10: 2836739.9 | D10: 32.832638 | E10: 0.089952432 | F10: 438548.01 | G10: 876895.05 | H10: 379601.24 | I10: 1695044.3 | J10: 57344.961 | K10: 0 | L10: 3072.0072 | M10: 15104.242 | N10: 160787.49 | O10: 114688.96 | P10: 0 | Q10: 6144.0072 | R10: 30208.242 | S10: 309732.56 | T10: 0 | U10: 119266.82 | V10: 119266.82 | W10: 243957.63 | X10: 589786.87 | Y10: 185972.29 | Z10: 6.0030009e+23 | AA10: 1.2006002e+12 | AB10: 423232.38 | AC10: 275.54191 | AD10: 973.2096 | AE10: 1.8784921e+12 | AF10: 662201.02 | AG10: 6.3912975e+11 | AH10: 2.705004e+29 | AI10: 1.1448453e+47 | AJ10: 7.5504053e+11 | AK10: 8.3409625e+10 | AL10: 1.5223121e+10 | AM10: 3686499360 | AN10: 7.0805028e+11 | AO10: 3.1308201e+11
W14: For 32 Nodes
W16: Infini-Infini
W17: NV-Infini
W18: NV-NV | X18: 217745.97 | Y18: =X18/3600 -> 60.484992
W19: Optical-NV | Y19: =X19/3600 -> 0
W20: NV-Optical | Y20: =X20/3600 -> 0
W21: Optical-Optical | X21: 3937.0938 | Y21: =X21/3600 -> 1.0936372

Sheet Communication specs
A1: Tech | B1: Bandwidth bps
A2: Infiniband HDR 4 links | B2: 200000000000
A3: Infiniband HDR 8 links | B3: 400000000000
A4: PCIe4_x4 | B4: =7899000000*8 -> 63192000000
A5: PCIe4_x8 | B5: =15754000000*8 -> 126032000000
A6: PCIe4_x16 | B6: =31508000000*8 -> 252064000000
A7: PCIe5_x4 | B7: =15754000000*8 -> 126032000000
A8: PCIe5_x8 | B8: =31508000000*8 -> 252064000000
A9: PCIe5_x16 | B9: =63015000000*8 -> 504120000000
A10: NVLink_Gen2 | B10: =300000000000*8/2 -> 1200000000000
A11: NVLink_Gen3 | B11: =600000000000*8/2 -> 2400000000000
A12: NVLink_Gen4 | B12: =900000000000*8/2 -> 3600000000000
A13: RoCE | B13: 800000000000
A14: Optical OIO 25Tx1 | B14: 25000000000000
A15: Optical OIO 25Tx2 | B15: =2*25000000000000 -> 50000000000000
A16: Optical OIO 25Tx4 | B16: =4*25000000000000 -> 100000000000000
A17: Optical OIO 25Tx8 | B17: =8*25000000000000 -> 200000000000000
A18: Optical OIO 25Tx16 | B18: =16*25000000000000 -> 400000000000000
A19: Optical OIO 25Tx32 | B19: =32*25000000000000 -> 800000000000000
A20: Optical OIO Taper-5 | B20: =B17/5 -> 40000000000000

Sheet HBM3+2d SRAM
A3: Time spent (data traffic)
A4: T_mem (in sec) | B4: =MAX(H30/L21,J48/G21) -> 0.0015625
A8: Application/Mapping specific parameters
A9: Assumptions
A10: Parameter | B10: Linear dimension of the compute block (N_x) | C10: # of computation points that we wish to parallelize | D10: #threads required as per the application | E10: # thread blocks | F10: # groups
A11: use calculation or override with user input | B11: user input | C11: calculated | D11: calculated | E11: calculated | F11: calculated
A12: Value used in formula | B12: =IF(B11=Inputs!$C$1,B13,B14) -> 256 | C12: =IF(C11=Inputs!$C$1,C13,C14) -> 16777216 | D12: =IF(D11=Inputs!$C$1,D13,D14) -> 16777216 | E12: =IF(E11=Inputs!$C$1,E13,E14) -> 131072 | F12: =IF(F11=Inputs!$C$1,F13,F14) -> 102.4
A13: user input value | B13: 256
A14: Calculated from more detail or defined earlier | B14: =B27 -> 0 | C14: =B12*B12*B12 -> 16777216 | D14: =C12 -> 16777216 | E14: =D12/D21 -> 131072 | F14: =E12/K21 -> 102.4
A15: comments
A17: Hardware specs
A18: Assumptions
A19: Parameter | B19: Number of threads per SM | C19: Number of SMs | D19: # threads per block | E19: Clock rate (R) in GHz | F19: BW per SM (GB/s) | G19: BW_GM (GB/s) | H19: on-SM storage (KB) | I19: occupancy | J19: # thread blocks per SM | K19: # thread blocks per group | L19: Total BW_SM (GB/s) | M19: SM-cache-line-size (B)
A20: use calculation or override with user input | B20: user input | C20: user input | D20: user input | E20: user input | F20: user input | G20: user input | H20: user input | I20: user input | J20: calculated | K20: calculated | L20: calculated | M20: user input
A21: Value used in formula | B21: =IF(B20=Inputs!$C$1,B22,B23) -> 2048 | C21: =IF(C20=Inputs!$C$1,C22,C23) -> 80 | D21: =IF(D20=Inputs!$C$1,D22,D23) -> 128 | E21: =IF(E20=Inputs!$C$1,E22,E23) -> 0.71 | F21: =IF(F20=Inputs!$C$1,F22,F23) -> 10 | G21: =IF(G20=Inputs!$C$1,G22,G23) -> 6451 | H21: =IF(H20=Inputs!$C$1,H22,H23) -> 256 | I21: 1 | J21: =IF(J20=Inputs!$C$1,J22,J23) -> 16 | K21: =IF(K20=Inputs!$C$1,K22,K23) -> 1280 | L21: =IF(L20=Inputs!$C$1,L22,L23) -> 800 | M21: =IF(M20=Inputs!$C$1,M22,M23) -> 128
A22: user input value | B22: 2048 | C22: 80 | D22: 128 | E22: 0.71 | F22: 10 | G22: 6451 | H22: 256 | L22: 0 | M22: 128
A23: Calculated from more detail or defined earlier | B23: 0 | C23: 0 | D23: 0 | E23: 0 | F23: 0 | G23: 0 | H23: 0 | I23: 1 | J23: =B21/D21 -> 16 | K23: =J21*C21 -> 1280 | L23: =F21*C21 -> 800 | M23: 0
A24: comments
A26: On SM to thread private registers
A27: Assumptions
A28: Parameter | B28: Precesion (byte) | C28: Number of threads per SM | D28: number of loads per thread from the on-SM storage to registers | E28: number of corresponding stores per thread | F28: no of algined (with L1 cache-line of 128B) loads | G28: no of miss-algined loads | H28: traffic volume between SM and registers (V_SM) in GB | I28: time
A29: use calculation or override with user input | B29: user input | C29: calculated | D29: calculated | E29: user input | F29: user input | G29: user input | H29: calculated | I29: calculated
A30: Value used in formula | B30: =IF(B29=Inputs!$C$1,B31,B32) -> 8 | C30: =IF(C29=Inputs!$C$1,C31,C32) -> 2048 | D30: =IF(D29=Inputs!$C$1,D31,D32) -> 9 | E30: =IF(E29=Inputs!$C$1,E31,E32) -> 1 | F30: =IF(F29=Inputs!$C$1,F31,F32) -> 5 | G30: =IF(G29=Inputs!$C$1,G31,G32) -> 2 | H30: =IF(H29=Inputs!$C$1,H31,H32) -> 1.25 | I30: =IF(I29=Inputs!$C$1,I31,I32) -> 0.0015625
A31: user input value | B31: 8 | D31: 20 | E31: 1 | F31: 5 | G31: 2
A32: Calculated from more detail or defined earlier | B32: 0 | C32: =B21 -> 2048 | D32: =F30+2*G30 -> 9 | E32: 0 | F32: 0 | G32: 0 | H32: =C12*B30*(D30+E30)/1024^3 -> 1.25 | I32: =H30/L21 -> 0.0015625
A33: comments
D34: =B4 -> 0.0015625
A36: Assumption | B36: assuming that the CUDA thread blocks are scheduled to the SMXs in a cyclic order; thus, the thread blocks designated to the same SMX do not share data in the on-SMX storage
A37: Parameter | B37: Number of threads blocks | C37: number of data values stored per thread block
A38: use calculation or override with user input | B38: calculated | C38: calculated
A39: Value used in formula | B39: =IF(B38=Inputs!$C$1,B40,B41) -> 131072 | C39: =IF(C38=Inputs!$C$1,C40,C41) -> 128
A40: user input value
A41: Calculated from more detail or defined earlier | B41: =E12 -> 131072 | C41: =E30*D21 -> 128
A42: comments | B42: delta is a HW specific fitting parameter that connects the capacity miss ratio with the total data volume needed by the active thread blocks in the same SMX
A44: Global memory (GM) to SM
A45: Assumption | B45: the basic granularity here is an entire group of simultaneously active thread blocks. L2 cache is shared across all active thread blocks. We assume that the whole computation is divided into several such groups. Since
A46: Parameter | B46: Precesion | C46: Number of threads block groups | D46: number of data values loads per group from global memory to SM | E46: number of data values stored per group | F46: no of mandatory values loaded per group | G46: SM miss ratio | H46: epsilon | I46: # thread blocks per group | J46: traffic volume between GM and SM (V_GM) in GB | K46: width_y | L46: height_z | M46: test_time | N46: reuse | O46: traffic ration: SM/GM
A47: use calculation or override with user input | B47: calculated | C47: calculated | D47: calculated | E47: calculated | F47: calculated | G47: calculated | H47: user input | I47: calculated | J47: calculated | K47: user input | L47: user input | M47: calculated | N47: calculated | O47: calculated
A48: Value used in formula | B48: =IF(B47=Inputs!$C$1,B49,B50) -> 8 | C48: =IF(C47=Inputs!$C$1,C49,C50) -> 102.4 | D48: =IF(D47=Inputs!$C$1,D49,D50) -> 94143.701 | E48: =IF(E47=Inputs!$C$1,E49,E50) -> 163840 | F48: =IF(F47=Inputs!$C$1,F49,F50) -> 91584 | G48: =IF(G47=Inputs!$C$1,G49,G50) -> 0.027949219 | H48: =IF(H47=Inputs!$C$1,H49,H50) -> 0.01 | I48: =IF(I47=Inputs!$C$1,I49,I50) -> 1280 | ... O48: =IF(O47=Inputs!$C$1,O49,O50) -> 508.0631
A49: user input value | F49: 20480000 | G49: 2000 | H49: 0.01 | K49: 106 | L49: 3
A50: Calculated from more detail or defined earlier | B50: =B30 -> 8 | C50: =F12 -> 102.4 | D50: =F48*(1+G48) -> 94143.701 | E50: =I48*C39 -> 163840 | F50: =(B12+2*M21/B48)*K48*L48 -> 91584 | G50: =F48*B48*H48/(H21*1024) -> 0.027949219 | H50: 0 | I50: =K21 -> 1280 | J50: =B48*C48*(D48+E48)/1024^3 -> 0.19682594 | K50: 0 | L50: 0 | M50: =(J48/G21) -> 3.051092e-05 | N50: =1/G48 -> 35.779175 | O50: =H30*C21/J48 -> 508.0631
A51: comments | B51: epslion is another prescribed small constant, similar to delta | F51: =B4 -> 0.0015625
A59: # loads /thread from SM | B59: #loads per G from GM | C59: Time: HBM3+2d SRAM | D59: Time: LPDDR+3d SRAM | H59: SM miss ratio | I59: Time: HBM3+2d SRAM | J59: Time: LPDDR+3d SRAM
A60: 9 | B60: 86000 | C60: 0.00156 | D60: 0.00024 | H60: 1 | I60: 0.00481 | J60: 0.000618
A61: 20 | B61: 86000 | C61: 0.00328 | D61: 0.000371 | H61: 5 | I61: 0.00481 | J61: 0.0017
A62: 50 | B62: 86000 | C62: 0.00797 | D62: 0.0009 | H62: 10 | I62: 0.00481 | J62: 0.00305
A63: 200 | B63: 86000 | C63: 0.0314 | D63: 0.00355 | H63: 20 | I63: 0.00481 | J63: 0.00574
A65: 20 | B65: 86000 | C65: 0.00328 | D65: 0.000371
B66: 160000 | C66: 0.00328 | D66: 0.000371 | H66: 120 | I66: 0.00808 | J66: 0.0327
B67: 320000 | C67: 0.00328 | D67: 0.000478 | H67: 200 | I67: 0.0134 | J67: 0.0543
B68: 640000 | C68: 0.00328 | D68: 0.000829 | H68: 400 | I68: 0.0267 | J68: 0.108
B69: 1280000 | C69: 0.00328 | D69: 0.00162 | H69: 800 | I69: 0.0534 | J69: 0.216
B70: 2560000 | C70: 0.00328 | D70: 0.00357 | H70: 2000 | I70: 0.133 | J70: 0.54
B71: 5120000 | C71: 0.00503 | D71: 0.00889
B72: 10240000 | C72: 0.0176 | D72: 0.0253
B73: 20480000 | C73: 0.0645 | D73: 0.081
A76: 100 | B76: 86000 | C76: 0.0158 | D76: 0.00178
B77: 160000 | C77: 0.0158 | D77: 0.00178
B78: 320000 | C78: 0.0158 | D78: 0.00178
B79: 640000 | C79: 0.0158 | D79: 0.00178
B80: 1280000 | C80: 0.0158 | D80: 0.00178
B81: 2560000 | C81: 0.0158 | D81: 0.00357
B82: 5120000 | C82: 0.0158 | D82: 0.00889
B83: 10240000 | C83: 0.0176 | D83: 0.0253
B84: 20480000 | C84: 0.0645 | D84: 0.081

Sheet LPDDR6+3d_SRAM
A3: Time spent (data traffic)
A4: T_mem (in sec) | B4: =MAX(H30/L21,J48/G21) -> 0.00024577963
A8: Application/Mapping specific parameters
A9: Assumptions
A10: Parameter | B10: Linear dimension of the compute block (N_x) | C10: # of computation points that we wish to parallelize | D10: #threads required as per the application | E10: # thread blocks | F10: # groups
A11: use calculation or override with user input | B11: user input | C11: calculated | D11: calculated | E11: calculated | F11: calculated
A12: Value used in formula | B12: =IF(B11=Inputs!$C$1,B13,B14) -> 256 | C12: =IF(C11=Inputs!$C$1,C13,C14) -> 16777216 | D12: =IF(D11=Inputs!$C$1,D13,D14) -> 16777216 | E12: =IF(E11=Inputs!$C$1,E13,E14) -> 131072 | F12: =IF(F11=Inputs!$C$1,F13,F14) -> 102.4
A13: user input value | B13: 256
A14: Calculated from more detail or defined earlier | B14: =B27 -> 0 | C14: =B12*B12*B12 -> 16777216 | D14: =C12 -> 16777216 | E14: =D12/D21 -> 131072 | F14: =E12/K21 -> 102.4
A15: comments
A17: Hardware specs
A18: Assumptions
A19: Parameter | B19: Number of threads per SM | C19: Number of SMs | D19: # threads per block | E19: Clock rate (R) in GHz | F19: BW per SM (GB/s) | G19: BW_GM (GB/s) | H19: read only data cache size per SM (KB) | I19: occupancy | J19: # thread blocks per SM | K19: # thread blocks per group | L19: Total BW_SM (GB/s) | M19: SM-cache-line-size (B)
A20: use calculation or override with user input | B20: user input | C20: user input | D20: user input | E20: user input | F20: user input | G20: user input | H20: user input | I20: user input | J20: calculated | K20: calculated | L20: calculated | M20: user input
A21: Value used in formula | B21: =IF(B20=Inputs!$C$1,B22,B23) -> 2048 | C21: =IF(C20=Inputs!$C$1,C22,C23) -> 80 | D21: =IF(D20=Inputs!$C$1,D22,D23) -> 128 | E21: =IF(E20=Inputs!$C$1,E22,E23) -> 0.71 | F21: =IF(F20=Inputs!$C$1,F22,F23) -> 191 | G21: =IF(G20=Inputs!$C$1,G22,G23) -> 1593.7 | H21: =IF(H20=Inputs!$C$1,H22,H23) -> 1024 | I21: 1 | J21: =IF(J20=Inputs!$C$1,J22,J23) -> 16 | K21: =IF(K20=Inputs!$C$1,K22,K23) -> 1280 | L21: =IF(L20=Inputs!$C$1,L22,L23) -> 15280 | M21: =IF(M20=Inputs!$C$1,M22,M23) -> 256
A22: user input value | B22: 2048 | C22: 80 | D22: 128 | E22: 0.71 | F22: 191 | G22: 1593.7 | H22: 1024 | L22: 0 | M22: 256
A23: Calculated from more detail or defined earlier | B23: 0 | C23: 0 | D23: 0 | E23: 0 | F23: 0 | G23: 0 | H23: 0 | I23: 1 | J23: =B21/D21 -> 16 | K23: =J21*C21 -> 1280 | L23: =F21*C21 -> 15280 | M23: 0
A24: comments
A26: On SM to thread private registers
A27: Assumptions
A28: Parameter | B28: Precesion (byte) | C28: Number of threads per SM | D28: number of loads per thread from the on-SM storage to registers | E28: number of corresponding stores per thread | F28: no of algined (with L1 cache-line of 128B) loads | G28: no of miss-algined loads | H28: traffic volume between SM and registers (V_SM) in GB | I28: time
A29: use calculation or override with user input | B29: user input | C29: calculated | D29: calculated | E29: user input | F29: user input | G29: user input | H29: calculated | I29: calculated
A30: Value used in formula | B30: =IF(B29=Inputs!$C$1,B31,B32) -> 16 | C30: =IF(C29=Inputs!$C$1,C31,C32) -> 2048 | D30: =IF(D29=Inputs!$C$1,D31,D32) -> 9 | E30: =IF(E29=Inputs!$C$1,E31,E32) -> 1 | F30: =IF(F29=Inputs!$C$1,F31,F32) -> 5 | G30: =IF(G29=Inputs!$C$1,G31,G32) -> 2 | H30: =IF(H29=Inputs!$C$1,H31,H32) -> 2.5 | I30: =IF(I29=Inputs!$C$1,I31,I32) -> 0.00016361257
A31: user input value | B31: 16 | D31: 20 | E31: 1 | F31: 5 | G31: 2
A32: Calculated from more detail or defined earlier | B32: 0 | C32: =B21 -> 2048 | D32: =F30+2*G30 -> 9 | E32: 0 | F32: 0 | G32: 0 | H32: =C12*B30*(D30+E30)/1024^3 -> 2.5 | I32: =H30/L21 -> 0.00016361257
A33: comments
D34: =B4 -> 0.00024577963
A36: Assumption | B36: assuming that the CUDA thread blocks are scheduled to the SMXs in a cyclic order; thus, the thread blocks designated to the same SMX do not share data in the on-SMX storage
A37: Parameter | B37: Number of threads blocks | C37: number of data values stored per thread block
A38: use calculation or override with user input | B38: calculated | C38: calculated
A39: Value used in formula | B39: =IF(B38=Inputs!$C$1,B40,B41) -> 131072 | C39: =IF(C38=Inputs!$C$1,C40,C41) -> 128
A40: user input value
A41: Calculated from more detail or defined earlier | B41: =E12 -> 131072 | C41: =E30*D21 -> 128
A42: comments | B42: delta is a HW specific fitting parameter that connects the capacity miss ratio with the total data volume needed by the active thread blocks in the same SMX
A44: Global memory (GM) to SM
A45: Assumption | B45: the basic granularity here is an entire group of simultaneously active thread blocks. L2 cache is shared across all active thread blocks. We assume that the whole computation is divided into several such groups. Since
A46: Parameter | B46: Precesion | C46: Number of threads block groups | D46: number of data values loads per group from global memory to L2 cache | E46: number of data values stored per group | F46: no of mandatory values loaded per group | G46: SM miss ratio | H46: epsilon | I46: # thread blocks per group | J46: traffic volume between GM and L2 (V_GM) in GB | K46: width_y | L46: height_z | M46: test_time
A47: use calculation or override with user input | B47: calculated | C47: calculated | D47: calculated | E47: calculated | F47: calculated | G47: calculated | H47: user input | I47: calculated | J47: calculated | K47: user input | L47: user input | M47: calculated
A48: Value used in formula | B48: =IF(B47=Inputs!$C$1,B49,B50) -> 16 | C48: =IF(C47=Inputs!$C$1,C49,C50) -> 102.4 | D48: =IF(D47=Inputs!$C$1,D49,D50) -> 92863.851 | E48: =IF(E47=Inputs!$C$1,E49,E50) -> 163840 | F48: =IF(F47=Inputs!$C$1,F49,F50) -> 91584 | G48: =IF(G47=Inputs!$C$1,G49,G50) -> 0.013974609 | H48: =IF(H47=Inputs!$C$1,H49,H50) -> 0.01 | I48: =IF(I47=Inputs!$C$1,I49,I50) -> 1280 | ... M48: =IF(M47=Inputs!$C$1,M49,M50) -> 0.00024577963
A49: user input value | F49: 1000000 | G49: 2000 | H49: 0.01 | K49: 106 | L49: 3
A50: Calculated from more detail or defined earlier | B50: =B30 -> 16 | C50: =F12 -> 102.4 | D50: =F48*(1+G48) -> 92863.851 | E50: =I48*C39 -> 163840 | F50: =(B12+2*M21/B48)*K48*L48 -> 91584 | G50: =F48*B48*H48/(H21*1024) -> 0.013974609 | H50: 0 | I50: =K21 -> 1280 | J50: =B48*C48*(D48+E48)/1024^3 -> 0.39169899 | K50: 0 | L50: 0 | M50: =(J48/G21) -> 0.00024577963
A51: comments | B51: epslion is another prescribed small constant, similar to delta | F51: =B4 -> 0.00024577963

Sheet Validation
A2: Megatron 18.4B | B2: 135
A3: Megatron 7.5B | B3: 142
A4: Megatron 145B | B4: 148
A9: Validation_results
A10: Model size | B10: modeled | C10: paper
A11: model 7.2B | B11: 169.35 | C11: 142
A12: model 145B | B12: 147 | C12: 148
A13: model 310B | B13: 162 | C13: 155
A14: model 530B | B14: 148.6 | C14: 163
A15: model 1T | B15: 144.3 | C15: 163
A18: batchsize | B18: modeled | C18: paper
A19: 12 | B19: 106.7 | C19: 121
A20: 24 | B20: 123 | C20: 130
A21: 36 | B21: 134 | C21: 137
A22: 48 | B22: 142 | C22: 142
A23: 60 | B23: 148 | C23: 145
A28: GPT(3), 2.2-2.5 B | B28: modeled | C28: Paper (MS, PipeDream'21) | D28: Comments
A29: Performance (seq/s/GPU) | B29: 108 | C29: 80 | D29: 32 ubatchs, B=2048, 8x8 V100
B31: TFLOP/S/GPU
A32: Megatron 145B - A100 | B32: 115.35
A33: Megatron 145B - V100 | B33: 43.14
F42: Model size | G42: modeled | H42: paper
F43: model 145B | G43: 147 | H43: 148
F44: model 310B | G44: 162 | H44: 155
F45: model 530B | G45: 148.6 | H45: 163
F46: model 1T | G46: 144.3 | H46: 163
A55: Megatron 5.9B-tp-dp-batch128 | B55: modeled | C55: paper
A56: tp2-dp32 | B56: 130.56 | C56: 102
A57: tp4-dp16 | B57: 161.4 | C57: 95
A61: =Inputs!G14 -> 1 | B61: =Inputs!C14 -> 1 | C61: =Inputs!H14 -> 1 | D61: =Inputs!D14 -> 1 | E61: =Inputs!I14 -> 1 | F61: =Inputs!E14 -> 1 | G61: ='Performance Model'!C4 -> 4.1413657e+08 | H61: =Inputs!M14 -> 1
A62: DP_inter | B62: DP_intra | C62: TP_iner | D62: TP_intra | E62: PP_inter | F62: PP_intra | G62: T_exec | H62: #tot_acc | I62: DP | J62: TP | K62: PP | L62: T_exec
A63: 128 | B63: 8 | C63: 1 | D63: 1 | E63: 1 | F63: 1 | G63: 38.015256 | H63: 1024 | I63: =A63*B63 -> 1024 | J63: =C63*D63 -> 1 | K63: =E63*F63 -> 1 | L63: =G63 -> 38.015256
A64: 128 | B64: 1 | C64: 1 | D64: 8 | E64: 1 | F64: 1 | G64: 17.94958 | H64: 1024 | I64: =A64*B64 -> 128 | J64: =C64*D64 -> 8 | K64: =E64*F64 -> 1 | L64: =G64 -> 17.94958
A65: 128 | B65: 1 | C65: 1 | D65: 1 | E65: 1 | F65: 8 | G65: 38.028045 | H65: 1024 | I65: =A65*B65 -> 128 | J65: =C65*D65 -> 1 | K65: =E65*F65 -> 8 | L65: =G65 -> 38.028045
A66: 1 | B66: 1 | C66: 1 | D66: 8 | E66: 128 | F66: 1 | G66: 21.30915 | H66: 1024 | I66: =A66*B66 -> 1 | J66: =C66*D66 -> 8 | K66: =E66*F66 -> 128 | L66: =G66 -> 21.30915
A67: 32 | B67: 1 | C67: 1 | D67: 8 | E67: 4 | F67: 1 | G67: 20.63063 | H67: 1024 | I67: =A67*B67 -> 32 | J67: =C67*D67 -> 8 | K67: =E67*F67 -> 4 | L67: =G67 -> 20.63063
A68: 16 | B68: 1 | C68: 1 | D68: 8 | E68: 8 | F68: 1 | G68: 21.051148 | H68: 1024 | I68: =A68*B68 -> 16 | J68: =C68*D68 -> 8 | K68: =E68*F68 -> 8 | L68: =G68 -> 21.051148
A69: 8 | B69: 1 | C69: 1 | D69: 8 | E69: 16 | F69: 1 | G69: 21.254376 | H69: 1024 | I69: =A69*B69 -> 8 | J69: =C69*D69 -> 8 | K69: =E69*F69 -> 16 | L69: =G69 -> 21.254376
A70: 4 | B70: 1 | C70: 1 | D70: 8 | E70: 32 | F70: 1 | G70: 21.341927 | H70: 1024 | I70: =A70*B70 -> 4 | J70: =C70*D70 -> 8 | K70: =E70*F70 -> 32 | L70: =G70 -> 21.341927
A71: 2 | B71: 1 | C71: 1 | D71: 8 | E71: 64 | F71: 1 | G71: 21.357576 | H71: 1024 | I71: =A71*B71 -> 2 | J71: =C71*D71 -> 8 | K71: =E71*F71 -> 64 | L71: =G71 -> 21.357576
A72: 1 | B72: 1 | C72: 1 | D72: 8 | E72: 128 | F72: 1 | G72: 21.30915 | H72: 1024 | I72: =A72*B72 -> 1 | J72: =C72*D72 -> 8 | K72: =E72*F72 -> 128 | L72: =G72 -> 21.30915
A73: 64 | B73: 1 | C73: 1 | D73: 8 | E73: 2 | F73: 1 | G73: 19.782563 | H73: 1024 | I73: =A73*B73 -> 64 | J73: =C73*D73 -> 8 | K73: =E73*F73 -> 2 | L73: =G73 -> 19.782563
A74: 1 | B74: 1 | C74: 128 | D74: 8 | E74: 1 | F74: 1 | G74: 57.917524 | H74: 1024 | I74: =A74*B74 -> 1 | J74: =C74*D74 -> 1024 | K74: =E74*F74 -> 1 | L74: =G74 -> 57.917524
... A119: 1 | B119: 1 | C119: 64 | D119: 8 | E119: 2 | F119: 1 | G119: 58.929017 | H119: 1024 | I119: =A119*B119 -> 1 | J119: =C119*D119 -> 512 | K119: =E119*F119 -> 2 | L119: =G119 -> 58.929017

Sheet H100-HBM
A2: Time spent (data traffic)
A3: T_mem (in sec) | B3: =MAX(H29/F20,I38/G20,J47/H20) -> 8.9265046e-05
A7: Application/Mapping specific parameters
A8: Assumptions
A9: Parameter | B9: Linear dimension of the compute block (N_x) | C9: # of computation points that we wish to parallelize | D9: #threads required as per the application | E9: # thread blocks | F9: # groups | G9: Bx | H9: By | I9: Bz | J9: halo_width
A10: use calculation or override with user input | B10: user input | C10: calculated | D10: calculated | E10: calculated | F10: calculated | G10: user input | H10: user input | I10: user input | J10: user input
A11: Value used in formula | B11: =IF(B10=Inputs!$C$1,B12,B13) -> 256 | C11: =IF(C10=Inputs!$C$1,C12,C13) -> 16777216 | D11: =IF(D10=Inputs!$C$1,D12,D13) -> 16777216 | E11: =IF(E10=Inputs!$C$1,E12,E13) -> 131072 | F11: =IF(F10=Inputs!$C$1,F12,F13) -> 14.222222 | G11: =IF(G10=Inputs!$C$1,G12,G13) -> 32 | H11: =IF(H10=Inputs!$C$1,H12,H13) -> 4 | I11: =IF(I10=Inputs!$C$1,I12,I13) -> 1 | J11: =IF(J10=Inputs!$C$1,J12,J13) -> 2
A12: user input value | B12: 256 | G12: 32 | H12: 4 | I12: 1 | J12: 2
A13: Calculated from more detail or defined earlier | B13: =B26 -> 0 | C13: =B11*B11*B11 -> 16777216 | D13: =C11 -> 16777216 | E13: =D11/D20 -> 131072 | F13: =E11/N20 -> 14.222222 | G13: =G26 -> 0 | H13: =H26 -> 0 | I13: =I26 -> 0 | J13: =J26 -> 0
A14: comments
A16: Hardware specs
A17: Assumptions
A18: Parameter | B18: Number of threads per SM | C18: Number of SMs | D18: # threads per block | E18: Clock rate (R) in GHz | F18: BW_SM (GB/s) | G18: BW_L2 (GB/s) | H18: BW_GM (GB/s) | I18: on-SM storage (KB) | J18: L2 cache size (KB) | K18: L2 cache-line size (B) | L18: occupancy | M18: # thread blocks per SM | N18: # thread blocks per group | O18: BW per SM (GB/s) | P18: SM cache-line size (B) | Q18: BW per L2 (GB/s)
A19: use calculation or override with user input | B19: user input | C19: user input | D19: user input | E19: user input | F19: calculated | G19: user input | H19: user input | I19: calculated | J19: user input | K19: user input | L19: user input | M19: calculated | N19: calculated | O19: calculated | P19: user input | Q19: user input
A20: Value used in formula | B20: =IF(B19=Inputs!$C$1,B21,B22) -> 2048 | C20: =IF(C19=Inputs!$C$1,C21,C22) -> 576 | D20: =IF(D19=Inputs!$C$1,D21,D22) -> 128 | E20: =IF(E19=Inputs!$C$1,E21,E22) -> 1.8 | F20: =IF(F19=Inputs!$C$1,F21,F22) -> 33730.56 | G20: =IF(G19=Inputs!$C$1,G21,G22) -> 13500 | H20: =IF(H19=Inputs!$C$1,H21,H22) -> 6451 | I20: =IF(I19=Inputs!$C$1,I21,I22) -> 64 | ... K20: =IF(K19=Inputs!$C$1,K21,K22) -> 64 | L20: 1 | M20: =IF(M19=Inputs!$C$1,M21,M22) -> 16 | N20: =IF(N19=Inputs!$C$1,N21,N22) -> 9216 | O20: =IF(O19=Inputs!$C$1,O21,O22) -> 58.56 | P20: =IF(P19=Inputs!$C$1,P21,P22) -> 64 | Q20: =IF(Q19=Inputs!$C$1,Q21,Q22) -> 8
A21: user input value | B21: 2048 | C21: 576 | D21: 128 | E21: 1.8 | G21: 13500 | H21: 6451 | I21: 256 | J21: 61440 | K21: 64 | L21: 1 | O21: 234 | P21: 64 | Q21: 8
A22: Calculated from more detail or defined earlier | B22: 0 | C22: 0 | D22: 0 | E22: 0 | F22: =O20*C20 -> 33730.56 | G22: =Q20*C20 -> 4608 | H22: 0 | I22: =IF(C20=144,256,64) -> 64 | J22: 0 | K22: 0 | L22: 1 | M22: =B20/D20 -> 16 | N22: =M20*C20 -> 9216 | O22: =IF(C20=144,234.24,58.56) -> 58.56 | P22: 0 | Q22: 0
A23: comments
A25: On SM to thread private registers
A26: Assumptions
A27: Parameter | B27: Precesion (byte) | C27: Number of threads per SM | D27: number of loads per thread from the on-SM storage to registers | E27: number of corresponding stores per thread | F27: no of algined (with L1 cache-line of 128B) loads | G27: no of miss-algined loads | H27: traffic volume between SM and registers (V_SM) in GB | I27: time
A28: use calculation or override with user input | B28: user input | C28: calculated | D28: calculated | E28: user input | F28: user input | G28: user input | H28: calculated | I28: calculated
A29: Value used in formula | B29: =IF(B28=Inputs!$C$1,B30,B31) -> 16 | C29: =IF(C28=Inputs!$C$1,C30,C31) -> 2048 | D29: =IF(D28=Inputs!$C$1,D30,D31) -> 9 | E29: =IF(E28=Inputs!$C$1,E30,E31) -> 1 | F29: =IF(F28=Inputs!$C$1,F30,F31) -> 5 | G29: =IF(G28=Inputs!$C$1,G30,G31) -> 2 | H29: =IF(H28=Inputs!$C$1,H30,H31) -> 2.5 | I29: =IF(I28=Inputs!$C$1,I30,I31) -> 7.4116765e-05
A30: user input value | B30: 16 | D30: 50 | E30: 1 | F30: 5 | G30: 2
A31: Calculated from more detail or defined earlier | B31: 0 | C31: =B20 -> 2048 | D31: =F29+2*G29 -> 9 | E31: 0 | F31: 0 | G31: 0 | H31: =C11*B29*(D29+E29)/1024^3 -> 2.5 | I31: =H29/F20 -> 7.4116765e-05
A32: comments
A34: L2 cache to On SM storage
A35: Assumptions
A36: Parameter | B36: Precesion | C36: Number of threads blocks | D36: number of data values loads per thread block from L2 into SM storage | E36: number of data values stored per thread block | F36: no of mandatory values loaded per thread block | G36: SM miss ratio | H36: delta | I36: traffic volume between L2 and SM (V_L2) in GB | J36: time
A37: use calculation or override with user input | B37: calculated | C37: calculated | D37: calculated | E37: calculated | F37: calculated | G37: calculated | H37: user input | I37: calculated | J37: calculated
A38: Value used in formula | B38: =IF(B37=Inputs!$C$1,B39,B40) -> 16 | C38: =IF(C37=Inputs!$C$1,C39,C40) -> 131072 | D38: =IF(D37=Inputs!$C$1,D39,D40) -> 489 | E38: =IF(E37=Inputs!$C$1,E39,E40) -> 128 | F38: =IF(F37=Inputs!$C$1,F39,F40) -> 480 | G38: =IF(G37=Inputs!$C$1,G39,G40) -> 0.01875 | H38: =IF(H37=Inputs!$C$1,H39,H40) -> 0.01 | I38: =IF(I37=Inputs!$C$1,I39,I40) -> 1.2050781 | J38: =IF(J37=Inputs!$C$1,J39,J40) -> 8.9265046e-05
A39: user input value | D39: 1000 | F39: 50000 | H39: 0.01
A40: Calculated from more detail or defined earlier | B40: =B29 -> 16 | C40: =E11 -> 131072 | D40: =F38*(1+G38) -> 489 | E40: =E29*D20 -> 128 | F40: =G11*H11*I11+(G11*I11+G11*H11)*J11+P20*H11*I11*2/B38 -> 480 | G40: =L20*C29*F38*H38*B38/(D20*I20*1024) -> 0.01875 | H40: 0 | I40: =C38*B38*(D38+E38)/1024^3 -> 1.2050781 | J40: =I38/G20 -> 8.9265046e-05
A41: comments | B41: delta is a HW specific fitting parameter that connects the capacity miss ratio with the total data volume needed by the active thread blocks in the same SMX
A43: Global memory (GM) to L2 cache
A44: Assumptions
A45: Parameter | B45: Precesion | C45: Number of threads block groups | D45: number of data values loads per group from global memory to L2 cache | E45: number of data values stored per group | F45: no of mandatory values loaded per group | G45: L2 miss ratio | H45: epsilon | I45: # thread blocks per group | J45: traffic volume between GM and L2 (V_GM) in GB | K45: time | L45: width_y | M45: height_z
A46: use calculation or override with user input | B46: calculated | C46: calculated | D46: calculated | E46: calculated | F46: calculated | G46: calculated | H46: user input | I46: calculated | J46: calculated | K46: calculated | L46: user input | M46: user input
A47: Value used in formula | B47: =IF(B46=Inputs!$C$1,B48,B49) -> 16 | C47: =IF(C46=Inputs!$C$1,C48,C49) -> 14.222222 | D47: =IF(D46=Inputs!$C$1,D48,D49) -> 83969.924 | E47: =IF(E46=Inputs!$C$1,E48,E49) -> 1179648 | F47: =IF(F46=Inputs!$C$1,F48,F49) -> 83952 | G47: =IF(G46=Inputs!$C$1,G48,G49) -> 0.00021350098 | H47: =IF(H46=Inputs!$C$1,H48,H49) -> 0.01 | I47: =IF(I46=Inputs!$C$1,I48,I49) -> 9216 | ... K47: =IF(K46=Inputs!$C$1,K48,K49) -> 4.1512253e-05 | L47: 106 | M47: 3
A48: user input value | D48: 200000 | F48: 700000000 | H48: 0.01 | L48: 106 | M48: 3
A49: Calculated from more detail or defined earlier | B49: =B29 -> 16 | C49: =F11 -> 14.222222 | D49: =F47*(1+G47) -> 83969.924 | E49: =I47*E38 -> 1179648 | F49: =(B11+2*K20/B47)*L47*M47 -> 83952 | G49: =F47*B47*H47/(J20*1024) -> 0.00021350098 | H49: 0 | I49: =N20 -> 9216 | J49: =B47*C47*(D47+E47)/1024^3 -> 0.26779555 | K49: =J47/H20 -> 4.1512253e-05 | L49: 0 | M49: 0
A50: comments | B50: epslion is another prescribed small constant, similar to delta
A54: =J47 -> 0.26779555 | B54: =I38 -> 1.2050781 | C54: =H29 -> 2.5 | D54: =B3 -> 8.9265046e-05 | F54: =(C54+B54)/A54 -> 13.835473 | G54: =J47 -> 0.26779555 | H54: =I38 -> 1.2050781 | I54: =H29 -> 2.5 | J54: =B3 -> 8.9265046e-05 | K54: =LPDDR_3d_SRAM!B3 -> 0.00017056372
A55: V_GM_2d | B55: V_L2 | C55: V_SM | D55: t (H100_144 CCs) | E55: OnChip/OffChip | G55: V_GM | H55: V_L2 | I55: V_SM | J55: t (HBM3_2d SRAM) | K55: t (LPDDR_3d SRAM) | L55: OnChip/OffChip | M55: BW per SM, L2 = 63, 8 GBPs
A56: H100-144 CC | G56: 0.26 | H56: 0.45 | I56: 2.5 | J56: 5.57e-05 | K56: 0.000164 | L56: =(H56+I56)/G56 -> 11.346154
A57: 0.26271614 | B57: 0.44550323 | C57: 2.5 | D57: 7.4192783e-05 | E57: =(C57+B57)/A57 -> 11.211733 | G57: 0.26 | H57: 0.74 | I57: 2.5 | J57: 9.23e-05 | K57: 0.000164 | L57: =(H57+I57)/G57 -> 12.461538
A58: 0.26271614 | B58: 0.73947334 | C58: 2.5 | D58: 7.4192783e-05 | E58: =(C58+B58)/A58 -> 12.330698 | G58: 0.26 | H58: 1.23 | I58: 2.5 | J58: 0.000154 | K58: 0.000164 | L58: =(H58+I58)/G58 -> 14.346154
A59: 0.26271614 | B59: 1.2313309 | C59: 2.5 | D59: 9.1209694e-05 | E59: =(C59+B59)/A59 -> 14.202899 | G59: 0.26 | H59: 2.21 | I59: 2.5 | J59: 0.000276 | K59: 0.000164 | L59: =(H59+I59)/G59 -> 18.115385
A60: 0.26271614 | B60: 2.2221985 | C60: 2.5 | D60: 0.0001646073 | E60: =(C60+B60)/A60 -> 17.974527 | G60: 0.26 | H60: 2.21 | I60: 3.75 | J60: 0.000276 | K60: 0.000164 | L60: =(H60+I60)/G60 -> 22.923077
A61: 0.26271614 | B61: 2.2221985 | C61: 3.75 | D61: 0.0001646073 | E61: =(C61+B61)/A61 -> 22.732514 | G61: 0.26 | H61: 2.21 | I61: 6.25 | J61: 0.000276 | K61: 0.000164 | L61: =(H61+I61)/G61 -> 32.538462
A62: 0.26271614 | B62: 2.2221985 | C62: 6.25 | D62: 0.00018548196 | E62: =(C62+B62)/A62 -> 32.248488 | G62: 0.26 | H62: 2.21 | I62: 13.8 | J62: 0.000276 | K62: 0.000164 | L62: =(H62+I62)/G62 -> 61.576923
A63: 0.26271614 | B63: 2.2221985 | C63: 13.75 | D63: 0.0004080603 | E63: =(C63+B63)/A63 -> 60.796411 | G63: 0.26 | H63: 2.21 | I63: 26.3 | J63: 0.000417 | K63: 0.000164 | L63: =(H63+I63)/G63 -> 109.65385
A64: 0.26271614 | B64: 2.2221985 | C64: 26.25 | D64: 0.00077902422 | E64: =(C64+B64)/A64 -> 108.37628 | G64: 0.26 | H64: 2.21 | I64: 51.3 | J64: 0.000813 | K64: 0.000268 | L64: =(H64+I64)/G64 -> 205.80769
A65: 0.26271614 | B65: 2.2221985 | C65: 51.25 | D65: 0.001520952 | E65: =(C65+B65)/A65 -> 203.53602 | G65: 0.26 | H65: 2.21 | I65: 126 | J65: 0.002 | K65: 0.000661 | L65: =(H65+I65)/G65 -> 493.11538
A66: 0.26271614 | B66: 2.2221985 | C66: 126.25 | D66: 0.0037467355 | E66: =(C66+B66)/A66 -> 489.01524 | G66: 0.26 | H66: 2.21 | I66: 251 | J66: 0.00399 | K66: 0.00132 | L66: =(H66+I66)/G66 -> 973.88462
A67: 0.26271614 | B67: 2.2221985 | C67: 251.25 | D67: 0.0074563746 | E67: =(C67+B67)/A67 -> 964.81395 | G67: 0.31 | H67: 2.21 | I67: 251 | J67: 0.00399 | K67: 0.00132 | L67: =(H67+I67)/G67 -> 816.80645
A68: 0.26271614 | B68: 4.2325439 | C68: 251.25 | D68: 0.0074563746 | E68: =(C68+B68)/A68 -> 972.46611 | G68: 0.37 | H68: 2.21 | I68: 251 | J68: 0.00399 | K68: 0.00132 | L68: =(H68+I68)/G68 -> 684.35135
... A70: 0.26271614 | B70: 21.688599 | C70: 251.25 | D70: 0.0074563746 | E70: =(C70+B70)/A70 -> 1038.9107 | G70: 2.09 | H70: 2.21 | I70: 251 | J70: 0.00399 | K70: 0.00132 | L70: =(H70+I70)/G70 -> 121.15311
A71: 0.26271614 | B71: 60.999054 | C71: 251.25 | D71: 0.0074563746 | E71: =(C71+B71)/A71 -> 1188.5416
A72: 0.26271614 | B72: 108.89258 | C72: 251.25 | D72: 0.0080661169 | E72: =(C72+B72)/A72 -> 1370.843 | G72: 0.26 | H72: 1.03 | I72: 251 | J72: 0.00399 | K72: 0.00132 | L72: =(I72+H72)/G72 -> 969.34615
A73: 0.26271614 | B73: 145.58997 | C73: 251.25 | D73: 0.010784442 | E73: =(C73+B73)/A73 -> 1510.5275 | G73: 0.26 | H73: 2.21 | I73: 251 | J73: 0.00399 | K73: 0.00132 | L73: =(I73+H73)/G73 -> 973.88462
A74: 0.37720508 | B74: 145.58997 | C74: 251.25 | D74: 0.010784442 | E74: =(C74+B74)/A74 -> 1052.0536 | G74: 0.26 | H74: 4.18 | I74: 251 | J74: 0.00399 | K74: 0.00132 | L74: =(I74+H74)/G74 -> 981.46154
A75: 0.84445371 | B75: 145.58997 | C75: 251.25 | D75: 0.010784442 | E75: =(C75+B75)/A75 -> 469.93691 | G75: 0.26 | H75: 20.42 | I75: 251 | J75: 0.00399 | K75: 0.00132 | L75: =(I75+H75)/G75 -> 1043.9231
A76: 1.9540444 | B76: 145.58997 | C76: 251.25 | D76: 0.010784442 | E76: =(C76+B76)/A76 -> 203.08647 | G76: 0.26 | H76: 53.05 | I76: 251 | J76: 0.00663 | K76: 0.00132 | L76: =(I76+H76)/G76 -> 1169.4231
A77: 4.5424485 | B77: 145.58997 | C77: 251.25 | D77: 0.010784442 | E77: =(C77+B77)/A77 -> 87.362568 | G77: 0.26 | H77: 113.8 | I77: 251 | J77: 0.0142 | K77: 0.00173 | L77: =(I77+H77)/G77 -> 1403.0769
A78: 18.066546 | B78: 145.58997 | C78: 251.25 | D78: 0.010784442 | E78: =(C78+B78)/A78 -> 21.965459 | G78: 0.37 | H78: 113.8 | I78: 251 | J78: 0.0142 | K78: 0.00172 | L78: =(I78+H78)/G78 -> 985.94595
A79: 48.025123 | B79: 145.58997 | C79: 251.25 | D79: 0.010784442 | E79: =(C79+B79)/A79 -> 8.2631743 | G79: 0.86 | H79: 113.8 | I79: 251 | J79: 0.0142 | K79: 0.00172 | L79: =(I79+H79)/G79 -> 424.18605
A80: 81.864212 | B80: 145.58997 | C80: 251.25 | D80: 0.012690158 | E80: =(C80+B80)/A80 -> 4.8475391 | G80: 2.7 | H80: 113.8 | I80: 251 | J80: 0.0142 | K80: 0.00172 | L80: =(I80+H80)/G80 -> 135.11111
A81: 106.57944 | B81: 145.58997 | C81: 251.25 | D81: 0.016521383 | E81: =(C81+B81)/A81 -> 3.7234194 | G81: 6.4 | H81: 113.8 | I81: 251 | J81: 0.0142 | K81: 0.00401 | L81: =(I81+H81)/G81 -> 57
A82: H100-144 CC | G82: 12.64 | H82: 113.8 | I82: 251 | J82: 0.0142 | K82: 0.0079 | L82: =(I82+H82)/G82 -> 28.860759
A83: 0.2627176 | B83: 0.44550323 | C83: 2.5 | D83: 4.0725097e-05 | E83: =(C83+B83)/A83 -> 11.211671 | G83: 25.38 | H83: 113.8 | I83: 251 | J83: 0.0142 | K83: 0.0158 | L83: =(I83+H83)/G83 -> 14.373522
A84: 0.2627176 | B84: 0.73947334 | C84: 2.5 | D84: 5.4775803e-05 | E84: =(C84+B84)/A84 -> 12.330629 | G84: 65.78 | H84: 113.8 | I84: 251 | J84: 0.0142 | K84: 0.0407 | L84: =(I84+H84)/G84 -> 5.5457586
A85: 0.2627176 | B85: 1.2313309 | C85: 2.5 | D85: 9.1209694e-05 | E85: =(C85+B85)/A85 -> 14.20282 | G85: 109.42 | H85: 113.8 | I85: 251 | J85: 0.0142 | K85: 0.0671 | L85: =(I85+H85)/G85 -> 3.3339426
A86: 0.2627176 | B86: 2.2221985 | C86: 2.5 | D86: 0.0001646073 | E86: =(C86+B86)/A86 -> 17.974428
A87: 0.2627176 | B87: 2.2221985 | C87: 3.75 | D87: 0.0001646073 | E87: =(C87+B87)/A87 -> 22.732388
A88: 0.2627176 | B88: 2.2221985 | C88: 6.25 | D88: 0.0001646073 | E88: =(C88+B88)/A88 -> 32.24831 | G88: 0.26 | H88: 1.03 | I88: 2.5 | J88: 0.000129 | K88: 0.000165 | L88: 13.576923
A89: 0.2627176 | B89: 2.2221985 | C89: 13.75 | D89: 0.0001646073 | E89: =(C89+B89)/A89 -> 60.796074 | G89: 0.26 | H89: 1.03 | I89: 1.75 | J89: 0.000218 | K89: 0.000165 | L89: 10.692308
A90: 0.2627176 | B90: 2.2221985 | C90: 26.25 | D90: 0.00019475605 | E90: =(C90+B90)/A90 -> 108.37568 | G90: 0.26 | H90: 1.03 | I90: 26.3 | J90: 0.000417 | K90: 0.000165 | L90: 105.11538
A91: 0.2627176 | B91: 2.2221985 | C91: 51.25 | D91: 0.00038023801 | E91: =(C91+B91)/A91 -> 203.53489 | G91: 0.26 | H91: 1.03 | I91: 51.25 | J91: 0.000813 | K91: 0.000268 | L91: 201.07692
A92: 0.2627176 | B92: 2.2221985 | C92: 126.25 | D92: 0.00093668388 | E92: =(C92+B92)/A92 -> 489.01253 | G92: 0.26 | H92: 1.03 | I92: 76.25 | J92: 0.00121 | K92: 0.000399 | L92: 297.23077
A93: 0.2627176 | B93: 2.2221985 | C93: 251.25 | D93: 0.0018640937 | E93: =(C93+B93)/A93 -> 964.8086 | G93: 0.26 | H93: 1.03 | I93: 101.25 | J93: 0.00161 | K93: 0.00053 | L93: 393.38462
A94: 0.2627176 | B94: 4.2325439 | C94: 251.25 | D94: 0.0018640937 | E94: =(C94+B94)/A94 -> 972.46072 | G94: 0.26 | H94: 1.03 | I94: 126.25 | J94: 0.002 | K94: 0.000661 | L94: 489.53846
A95: 0.2627176 | B95: 10.492462 | C95: 251.25 | D95: 0.0018640937 | E95: =(C95+B95)/A95 -> 996.28827 | G95: 0.26 | H95: 1.03 | I95: 151.25 | J95: 0.0024 | K95: 0.000792 | L95: 585.69231
A96: 0.2627176 | B96: 21.688599 | C96: 251.25 | D96: 0.0018640937 | E96: =(C96+B96)/A96 -> 1038.9049 | G96: 0.26 | H96: 1.03 | I96: 176.25 | J96: 0.0028 | K96: 0.000923 | L96: 681.84615
A97: 0.2627176 | B97: 60.999054 | C97: 251.25 | D97: 0.0045184484 | E97: =(C97+B97)/A97 -> 1188.535 | G97: 0.26 | H97: 1.03 | I97: 201.25 | J97: 0.00319 | K97: 0.00105 | L97: 778
A98: 0.2627176 | B98: 108.89258 | C98: 251.25 | D98: 0.0080661169 | E98: =(C98+B98)/A98 -> 1370.8354 | G98: 0.26 | H98: 1.03 | I98: 226.25 | J98: 0.00359 | K98: 0.00118 | L98: 874.15385
A99: 0.2627176 | B99: 145.58997 | C99: 251.25 | D99: 0.010784442 | E99: =(C99+B99)/A99 -> 1510.5192 | G99: 0.26 | H99: 1.03 | I99: 251.25 | J99: 0.00399 | K99: 0.00132 | L99: 970.30769
... A109: 112.33467 | B109: 145.58997 | C109: 251.25 | D109: 0.017413528 | E109: =(C109+B109)/A109 -> 3.5326579 | G109: 0.26 | H109: 7.16 | I109: 501.25 | J109: 0.00796 | K109: 0.00262 | L109: 1955.4231
G110: 0.26 | H110: 64.6 | I110: 501.25 | J110: 0.00807 | K110: 0.00262 | L110: 2176.3462
G111: 0.26 | H111: 114 | I111: 501.25 | J111: 0.00142 | K111: 0.00262 | L111: 2366.3462
G112: 0.26 | H112: 259 | I112: 501.25 | J112: 0.0324 | K112: 0.0038 | L112: 2924.0385
G113: 0.26 | H113: 436 | I113: 501.25 | J113: 0.0545 | K113: 0.00626 | L113: 3604.8077
G114: 0.26 | H114: 645 | I114: 501.25 | J114: 0.0806 | K114: 0.00909 | L114: 4408.6538
G115: 0.372 | H115: 645 | I115: 501.25 | J115: 0.0806 | K115: 0.00909 | L115: 3081.3172
G116: 1.47 | H116: 645 | I116: 501.25 | J116: 0.0806 | K116: 0.00909 | L116: 779.7619
G117: 140 | H117: 645 | I117: 501.25 | J117: 0.0806 | K117: 0.00855 | L117: 8.1875
G118: 1060 | H118: 645 | I118: 501.25 | J118: 0.164 | K118: 0.603 | L118: 1.0813679
G119: 3020 | H119: 645 | I119: 501.25 | J119: 0.468 | K119: 1.64 | L119: 0.37955298

Sheet HBM3_2d_SRAM
A2: Time spent (data traffic)
A3: T_mem (in sec) | B3: =MAX(H29/F20,I38/G20,J47/H20) -> 0.00058054924
A7: Application/Mapping specific parameters
A8: Assumptions
A9: Parameter | B9: Linear dimension of the compute block (N_x) | C9: # of computation points that we wish to parallelize | D9: #threads required as per the application | E9: # thread blocks | F9: # groups | G9: Bx | H9: By | I9: Bz | J9: halo_width
A10: use calculation or override with user input | B10: user input | C10: calculated | D10: calculated | E10: calculated | F10: calculated | G10: user input | H10: user input | I10: user input | J10: user input
A11: Value used in formula | B11: =IF(B10=Inputs!$C$1,B12,B13) -> 256 | C11: =IF(C10=Inputs!$C$1,C12,C13) -> 16777216 | D11: =IF(D10=Inputs!$C$1,D12,D13) -> 16777216 | E11: =IF(E10=Inputs!$C$1,E12,E13) -> 131072 | F11: =IF(F10=Inputs!$C$1,F12,F13) -> 16 | G11: =IF(G10=Inputs!$C$1,G12,G13) -> 32 | H11: =IF(H10=Inputs!$C$1,H12,H13) -> 4 | I11: =IF(I10=Inputs!$C$1,I12,I13) -> 1 | J11: =IF(J10=Inputs!$C$1,J12,J13) -> 2
A12: user input value | B12: 256 | G12: 32 | H12: 4 | I12: 1 | J12: 2
A13: Calculated from more detail or defined earlier | B13: =B26 -> 0 | C13: =B11*B11*B11 -> 16777216 | D13: =C11 -> 16777216 | E13: =D11/D20 -> 131072 | F13: =E11/N20 -> 16 | G13: =G26 -> 0 | H13: =H26 -> 0 | I13: =I26 -> 0 | J13: =J26 -> 0
A14: comments
A16: Hardware specs
A17: Assumptions
A18: Parameter | B18: Number of threads per SM | C18: Number of SMs | D18: # threads per block | E18: Clock rate (R) in GHz | F18: BW_SM (GB/s) | G18: BW_L2 (GB/s) | H18: BW_GM (GB/s) | I18: on-SM storage (KB) | J18: L2 cache size (KB) | K18: L2 cache-line size (B) | L18: occupancy | M18: # thread blocks per SM | N18: # thread blocks per group | O18: BW per SM (GB/s) | P18: SM cache-line size (B) | Q18: BW per L2 (GB/s)
A19: use calculation or override with user input | B19: user input | C19: user input | D19: user input | E19: user input | F19: calculated | G19: calculated | H19: user input | I19: user input | J19: calculated | K19: user input | L19: user input | M19: calculated | N19: calculated | O19: user input | P19: user input | Q19: user input
A20: Value used in formula | B20: =IF(B19=Inputs!$C$1,B21,B22) -> 2048 | C20: =IF(C19=Inputs!$C$1,C21,C22) -> 512 | D20: =IF(D19=Inputs!$C$1,D21,D22) -> 128 | E20: =IF(E19=Inputs!$C$1,E21,E22) -> 1.25 | F20: =IF(F19=Inputs!$C$1,F21,F22) -> 23040 | G20: =IF(G19=Inputs!$C$1,G21,G22) -> 2048 | H20: =IF(H19=Inputs!$C$1,H21,H22) -> 6451 | I20: =IF(I19=Inputs!$C$1,I21,I22) -> 768 | ... K20: =IF(K19=Inputs!$C$1,K21,K22) -> 64 | L20: 1 | M20: =IF(M19=Inputs!$C$1,M21,M22) -> 16 | N20: =IF(N19=Inputs!$C$1,N21,N22) -> 8192 | O20: =IF(O19=Inputs!$C$1,O21,O22) -> 45 | P20: =IF(P19=Inputs!$C$1,P21,P22) -> 64 | Q20: =IF(Q19=Inputs!$C$1,Q21,Q22) -> 4
A21: user input value | B21: 2048 | C21: 512 | D21: 128 | E21: 1.25 | H21: 6451 | I21: 768 | J21: 1060096 | K21: 64 | L21: 1 | O21: 45 | P21: 64 | Q21: 4
A22: Calculated from more detail or defined earlier | B22: 0 | C22: 0 | D22: 0 | E22: 0 | F22: =O20*C20 -> 23040 | G22: =Q20*C20 -> 2048 | H22: 0 | I22: 0 | J22: =I20*C20-I20 -> 392448 | K22: 0 | L22: 1 | M22: =B20/D20 -> 16 | N22: =M20*C20 -> 8192 | O22: 0 | P22: 0 | Q22: 0
A23: comments
A25: On SM to thread private registers
A26: Assumptions
A27: Parameter | B27: Precesion (byte) | C27: Number of threads per SM | D27: number of loads per thread from the on-SM storage to registers | E27: number of corresponding stores per thread | F27: no of algined (with L1 cache-line of 128B) loads | G27: no of miss-algined loads | H27: traffic volume between SM and registers (V_SM) in GB | I27: time
A28: use calculation or override with user input | B28: user input | C28: calculated | D28: calculated | E28: user input | F28: user input | G28: user input | H28: calculated | I28: calculated
A29: Value used in formula | B29: =IF(B28=Inputs!$C$1,B30,B31) -> 16 | C29: =IF(C28=Inputs!$C$1,C30,C31) -> 2048 | D29: =IF(D28=Inputs!$C$1,D30,D31) -> 9 | E29: =IF(E28=Inputs!$C$1,E30,E31) -> 1 | F29: =IF(F28=Inputs!$C$1,F30,F31) -> 5 | G29: =IF(G28=Inputs!$C$1,G30,G31) -> 2 | H29: =IF(H28=Inputs!$C$1,H30,H31) -> 2.5 | I29: =IF(I28=Inputs!$C$1,I30,I31) -> 0.00010850694
A30: user input value | B30: 16 | D30: 50 | E30: 1 | F30: 5 | G30: 2
A31: Calculated from more detail or defined earlier | B31: 0 | C31: =B20 -> 2048 | D31: =F29+2*G29 -> 9 | E31: 0 | F31: 0 | G31: 0 | H31: =C11*B29*(D29+E29)/1024^3 -> 2.5 | I31: =H29/F20 -> 0.00010850694
A32: comments
A34: L2 cache to On SM storage
A35: Assumptions
A36: Parameter | B36: Precesion | C36: Number of threads blocks | D36: number of data values loads per thread block from L2 into SM storage | E36: number of data values stored per thread block | F36: no of mandatory values loaded per thread block | G36: SM miss ratio | H36: delta | I36: traffic volume between L2 and SM (V_L2) in GB | J36: time
A37: use calculation or override with user input | B37: calculated | C37: calculated | D37: calculated | E37: calculated | F37: calculated | G37: calculated | H37: user input | I37: calculated | J37: calculated
A38: Value used in formula | B38: =IF(B37=Inputs!$C$1,B39,B40) -> 16 | C38: =IF(C37=Inputs!$C$1,C39,C40) -> 131072 | D38: =IF(D37=Inputs!$C$1,D39,D40) -> 480.75 | E38: =IF(E37=Inputs!$C$1,E39,E40) -> 128 | F38: =IF(F37=Inputs!$C$1,F39,F40) -> 480 | G38: =IF(G37=Inputs!$C$1,G39,G40) -> 0.0015625 | H38: =IF(H37=Inputs!$C$1,H39,H40) -> 0.01 | I38: =IF(I37=Inputs!$C$1,I39,I40) -> 1.1889648 | J38: =IF(J37=Inputs!$C$1,J39,J40) -> 0.00058054924
A39: user input value | D39: 1000 | F39: 50000 | H39: 0.01
A40: Calculated from more detail or defined earlier | B40: =B29 -> 16 | C40: =E11 -> 131072 | D40: =F38*(1+G38) -> 480.75 | E40: =E29*D20 -> 128 | F40: =G11*H11*I11+(G11*I11+G11*H11)*J11+P20*H11*I11*2/B38 -> 480 | G40: =L20*C29*F38*H38*B38/(D20*I20*1024) -> 0.0015625 | H40: 0 | I40: =C38*B38*(D38+E38)/1024^3 -> 1.1889648 | J40: =I38/G20 -> 0.00058054924
A41: comments | B41: delta is a HW specific fitting parameter that connects the capacity miss ratio with the total data volume needed by the active thread blocks in the same SMX
A43: Global memory (GM) to L2 cache
A44: Assumptions
A45: Parameter | B45: Precesion | C45: Number of threads block groups | D45: number of data values loads per group from global memory to L2 cache | E45: number of data values stored per group | F45: no of mandatory values loaded per group | G45: L2 miss ratio | H45: epsilon | I45: # thread blocks per group | J45: traffic volume between GM and L2 (V_GM) in GB | K45: time | L45: width_y | M45: height_z
A46: use calculation or override with user input | B46: calculated | C46: calculated | D46: calculated | E46: calculated | F46: calculated | G46: calculated | H46: user input | I46: calculated | J46: calculated | K46: calculated | L46: user input | M46: user input
A47: Value used in formula | B47: =IF(B46=Inputs!$C$1,B48,B49) -> 16 | C47: =IF(C46=Inputs!$C$1,C48,C49) -> 16 | D47: =IF(D46=Inputs!$C$1,D48,D49) -> 83954.806 | E47: =IF(E46=Inputs!$C$1,E48,E49) -> 1048576 | F47: =IF(F46=Inputs!$C$1,F48,F49) -> 83952 | G47: =IF(G46=Inputs!$C$1,G48,G49) -> 3.342481e-05 | H47: =IF(H46=Inputs!$C$1,H48,H49) -> 0.01 | I47: =IF(I46=Inputs!$C$1,I48,I49) -> 8192 | ... K47: =IF(K46=Inputs!$C$1,K48,K49) -> 4.1856516e-05 | L47: 106 | M47: 3
A48: user input value | D48: 200000 | F48: 700000000 | H48: 0.01 | L48: 106 | M48: 3
A49: Calculated from more detail or defined earlier | B49: =B29 -> 16 | C49: =F11 -> 16 | D49: =F47*(1+G47) -> 83954.806 | E49: =I47*E38 -> 1048576 | F49: =(B11+2*K20/B47)*L47*M47 -> 83952 | G49: =F47*B47*H47/(J20*1024) -> 3.342481e-05 | H49: 0 | I49: =N20 -> 8192 | J49: =B47*C47*(D47+E47)/1024^3 -> 0.27001639 | K49: =J47/H20 -> 4.1856516e-05 | L49: 0 | M49: 0
A50: comments | B50: epslion is another prescribed small constant, similar to delta
A54: =J47 -> 0.27001639 | B54: =I38 -> 1.1889648 | C54: =H29 -> 2.5 | D54: =B3 -> 0.00058054924 | E54: =LPDDR_3d_SRAM!B3 -> 0.00017056372 | F54: =(C54+B54)/A54 -> 13.662004 | G54: =J47 -> 0.27001639 | H54: =I38 -> 1.1889648 | I54: =H29 -> 2.5 | J54: =B3 -> 0.00058054924 | K54: =LPDDR_3d_SRAM!B3 -> 0.00017056372
A55: V_GM_2d | B55: V_L2 | C55: V_SM | D55: t (HBM3_2d SRAM) | E55: t (LPDDR_3d SRAM) | F55: OnChip/OffChip | G55: V_GM | H55: V_L2 | I55: V_SM | J55: t (HBM3_2d SRAM) | K55: t (LPDDR_3d SRAM) | L55: OnChip/OffChip | M55: BW per SM, L2 = 63, 8 GBPs
A56: 512 CCs | G56: 0.26 | H56: 0.45 | I56: 2.5 | J56: 5.57e-05 | K56: 0.000164 | L56: =(H56+I56)/G56 -> 11.346154
A57: 0.27 | B57: 0.45 | C57: 2.5 | D57: 0.000109 | E57: 0.000171 | F57: =(C57+B57)/A57 -> 10.925926 | G57: 0.26 | H57: 0.74 | I57: 2.5 | J57: 9.23e-05 | K57: 0.000164 | L57: =(H57+I57)/G57 -> 12.461538
A58: 0.27001596 | B58: 0.64087931 | C58: 2.5 | D58: 0.00015646468 | E58: 0.00017056349 | F58: =(C58+B58)/A58 -> 11.632199 | G58: 0.26 | H58: 1.23 | I58: 2.5 | J58: 0.000154 | K58: 0.000164 | L58: =(H58+I58)/G58 -> 14.346154
A59: 0.27001596 | B59: 1.228152 | C59: 2.5 | D59: 0.00029984179 | E59: 0.00017056349 | F59: =(C59+B59)/A59 -> 13.807154 | G59: 0.26 | H59: 2.21 | I59: 2.5 | J59: 0.000276 | K59: 0.000164 | L59: =(H59+I59)/G59 -> 18.115385
A60: 0.27001596 | B60: 2.2094828 | C60: 2.5 | D60: 0.00053942452 | E60: 0.00017056349 | F60: =(C60+B60)/A60 -> 17.441498 | G60: 0.26 | H60: 2.21 | I60: 3.75 | J60: 0.000276 | K60: 0.000164 | L60: =(H60+I60)/G60 -> 22.923077
A61: 0.27001596 | B61: 2.2094828 | C61: 3.75 | D61: 0.00053942452 | E61: 0.00017056349 | F61: =(C61+B61)/A61 -> 22.070854 | G61: 0.26 | H61: 2.21 | I61: 6.25 | J61: 0.000276 | K61: 0.000164 | L61: =(H61+I61)/G61 -> 32.538462
A62: 0.27001596 | B62: 2.2094828 | C62: 6.25 | D62: 0.00053942452 | E62: 0.00017056349 | F62: =(C62+B62)/A62 -> 31.329565 | G62: 0.26 | H62: 2.21 | I62: 13.8 | J62: 0.000276 | K62: 0.000164 | L62: =(H62+I62)/G62 -> 61.576923
A63: 0.27001596 | B63: 2.2094828 | C63: 13.75 | D63: 0.00053942452 | E63: 0.00017056349 | F63: =(C63+B63)/A63 -> 59.105701 | G63: 0.26 | H63: 2.21 | I63: 26.3 | J63: 0.000417 | K63: 0.000164 | L63: =(H63+I63)/G63 -> 109.65385
A64: 0.27001596 | B64: 2.2094828 | C64: 26.25 | D64: 0.00081380208 | E64: 0.00026842687 | F64: =(C64+B64)/A64 -> 105.39926 | G64: 0.26 | H64: 2.21 | I64: 51.3 | J64: 0.000813 | K64: 0.000268 | L64: =(H64+I64)/G64 -> 205.80769
A65: 0.27001596 | B65: 2.2094828 | C65: 51.25 | D65: 0.0015888517 | E65: 0.0005240715 | F65: =(C65+B65)/A65 -> 197.98638 | G65: 0.26 | H65: 2.21 | I65: 126 | J65: 0.002 | K65: 0.000661 | L65: =(H65+I65)/G65 -> 493.11538
A66: 0.27001596 | B66: 2.2094828 | C66: 126.25 | D66: 0.0039140005 | E66: 0.0012910054 | F66: =(C66+B66)/A66 -> 475.74773 | G66: 0.26 | H66: 2.21 | I66: 251 | J66: 0.00399 | K66: 0.00132 | L66: =(H66+I66)/G66 -> 973.88462
A67: 0.27001596 | B67: 2.2094828 | C67: 251.25 | D67: 0.0077892485 | E67: 0.0025692286 | F67: =(C67+B67)/A67 -> 938.68332 | G67: 0.31 | H67: 2.21 | I67: 251 | J67: 0.00399 | K67: 0.00132 | L67: =(H67+I67)/G67 -> 816.80645
A68: 0.27001596 | B68: 4.1816813 | C68: 251.25 | D68: 0.0077892485 | E68: 0.0025692286 | F68: =(C68+B68)/A68 -> 945.98733 | G68: 0.37 | H68: 2.21 | I68: 251 | J68: 0.00399 | K68: 0.00132 | L68: =(H68+I68)/G68 -> 684.35135
... A70: 0.27001596 | B70: 53.051768 | C70: 251.25 | D70: 0.012952092 | E70: 0.0025692286 | F70: =(C70+B70)/A70 -> 1126.977 | G70: 2.09 | H70: 2.21 | I70: 251 | J70: 0.00399 | K70: 0.00132 | L70: =(H70+I70)/G70 -> 121.15311
A71: 0.27001596 | B71: 113.80082 | C71: 251.25 | D71: 0.027783404 | E71: 0.0033516595 | F71: =(C71+B71)/A71 -> 1351.9601
A72: 0.36921807 | B72: 113.80082 | C72: 251.25 | D72: 0.027783404 | E72: 0.0033516595 | F72: =(C72+B72)/A72 -> 988.7133 | G72: 0.26 | H72: 1.03 | I72: 251 | J72: 0.00399 | K72: 0.00132 | L72: =(I72+H72)/G72 -> 969.34615
A73: 0.84626608 | B73: 113.80082 | C73: 251.25 | D73: 0.027783404 | E73: 0.0033516595 | F73: =(C73+B73)/A73 -> 431.36648 | G73: 0.26 | H73: 2.21 | I73: 251 | J73: 0.00399 | K73: 0.00132 | L73: =(I73+H73)/G73 -> 973.88462
A74: 2.6376999 | B74: 113.80082 | C74: 251.25 | D74: 0.027783404 | E74: 0.0033516595 | F74: =(C74+B74)/A74 -> 138.39741 | G74: 0.26 | H74: 4.18 | I74: 251 | J74: 0.00399 | K74: 0.00132 | L74: =(I74+H74)/G74 -> 981.46154
A75: 6.2324276 | B75: 113.80082 | C75: 251.25 | D75: 0.027783404 | E75: 0.0039074888 | F75: =(C75+B75)/A75 -> 58.572813 | G75: 0.26 | H75: 20.42 | I75: 251 | J75: 0.00399 | K75: 0.00132 | L75: =(I75+H75)/G75 -> 1043.9231
A76: 12.258782 | B76: 113.80082 | C76: 251.25 | D76: 0.027783404 | E76: 0.0076795683 | F76: =(C76+B76)/A76 -> 29.77872 | G76: 0.26 | H76: 53.05 | I76: 251 | J76: 0.00663 | K76: 0.00132 | L76: =(I76+H76)/G76 -> 1169.4231
A77: 24.443269 | B77: 113.80082 | C77: 251.25 | D77: 0.027783404 | E77: 0.015288088 | F77: =(C77+B77)/A77 -> 14.934616 | G77: 0.26 | H77: 113.8 | I77: 251 | J77: 0.0142 | K77: 0.00173 | L77: =(I77+H77)/G77 -> 1403.0769
A78: 49.339358 | B78: 113.80082 | C78: 251.25 | D78: 0.027783404 | E78: 0.030762569 | F78: =(C78+B78)/A78 -> 7.3987752 | G78: 0.37 | H78: 113.8 | I78: 251 | J78: 0.0142 | K78: 0.00172 | L78: =(I78+H78)/G78 -> 985.94595
A79: 101.24 | B79: 113.80082 | C79: 251.25 | D79: 0.027783404 | E79: 0.0627413 | F79: =(C79+B79)/A79 -> 3.6057963 | G79: 0.86 | H79: 113.8 | I79: 251 | J79: 0.0142 | K79: 0.00172 | L79: =(I79+H79)/G79 -> 424.18605
G80: 2.7 | H80: 113.8 | I80: 251 | J80: 0.0142 | K80: 0.00172 | L80: =(I80+H80)/G80 -> 135.11111
A81: Mand_loads_GM | B81: Mand_loads_L2 | C81: Mand_loads_SM | D81: Python Inputs | G81: 6.4 | H81: 113.8 | I81: 251 | J81: 0.0142 | K81: 0.00401 | L81: =(I81+H81)/G81 -> 57
A82: 80000 | B82: 100 | C82: 5 | G82: 12.64 | H82: 113.8 | I82: 251 | J82: 0.0142 | K82: 0.0079 | L82: =(I82+H82)/G82 -> 28.860759
A83: 80000 | B83: 250 | C83: 5 | G83: 25.38 | H83: 113.8 | I83: 251 | J83: 0.0142 | K83: 0.0158 | L83: =(I83+H83)/G83 -> 14.373522
A84: 80000 | B84: 500 | C84: 5 | G84: 65.78 | H84: 113.8 | I84: 251 | J84: 0.0142 | K84: 0.0407 | L84: =(I84+H84)/G84 -> 5.5457586
A85: 80000 | B85: 1000 | C85: 5 | G85: 109.42 | H85: 113.8 | I85: 251 | J85: 0.0142 | K85: 0.0671 | L85: =(I85+H85)/G85 -> 3.3339426
A86: 80000 | B86: 1000 | C86: 10
A87: 80000 | B87: 1000 | C87: 20
A88: 80000 | B88: 1000 | C88: 50 | G88: 0.26 | H88: 1.03 | I88: 2.5 | J88: 0.000129 | K88: 0.000165 | L88: 13.576923
A89: 80000 | B89: 1000 | C89: 100 | G89: 0.26 | H89: 1.03 | I89: 1.75 | J89: 0.000218 | K89: 0.000165 | L89: 10.692308
A90: 80000 | B90: 1000 | C90: 250 | G90: 0.26 | H90: 1.03 | I90: 26.3 | J90: 0.000417 | K90: 0.000165 | L90: 105.11538
A91: 80000 | B91: 1000 | C91: 500 | G91: 0.26 | H91: 1.03 | I91: 51.25 | J91: 0.000813 | K91: 0.000268 | L91: 201.07692
A92: 80000 | B92: 1000 | C92: 1000 | G92: 0.26 | H92: 1.03 | I92: 76.25 | J92: 0.00121 | K92: 0.000399 | L92: 297.23077
A93: 80000 | B93: 2000 | C93: 1000 | G93: 0.26 | H93: 1.03 | I93: 101.25 | J93: 0.00161 | K93: 0.00053 | L93: 393.38462
A94: 80000 | B94: 5000 | C94: 1000 | G94: 0.26 | H94: 1.03 | I94: 126.25 | J94: 0.002 | K94: 0.000661 | L94: 489.53846
A95: 80000 | B95: 10000 | C95: 1000 | G95: 0.26 | H95: 1.03 | I95: 151.25 | J95: 0.0024 | K95: 0.000792 | L95: 585.69231
A96: 80000 | B96: 20000 | C96: 1000 | G96: 0.26 | H96: 1.03 | I96: 176.25 | J96: 0.0028 | K96: 0.000923 | L96: 681.84615
A97: 80000 | B97: 50000 | C97: 1000 | G97: 0.26 | H97: 1.03 | I97: 201.25 | J97: 0.00319 | K97: 0.00105 | L97: 778
A98: 1000000 | B98: 50000 | C98: 1000 | G98: 0.26 | H98: 1.03 | I98: 226.25 | J98: 0.00359 | K98: 0.00118 | L98: 874.15385
A99: 2500000 | B99: 50000 | C99: 1000 | G99: 0.26 | H99: 1.03 | I99: 251.25 | J99: 0.00399 | K99: 0.00132 | L99: 970.30769
... A107: 700000000 | B107: 50000 | C107: 1000 | G107: 0.26 | H107: 2.21 | I107: 501.25 | J107: 0.00796 | K107: 0.00262 | L107: 1936.3846
G108: 0.26 | H108: 5.17 | I108: 501.25 | J108: 0.00796 | K108: 0.00262 | L108: 1947.7692
G109: 0.26 | H109: 7.16 | I109: 501.25 | J109: 0.00796 | K109: 0.00262 | L109: 1955.4231
G110: 0.26 | H110: 64.6 | I110: 501.25 | J110: 0.00807 | K110: 0.00262 | L110: 2176.3462
G111: 0.26 | H111: 114 | I111: 501.25 | J111: 0.00142 | K111: 0.00262 | L111: 2366.3462
G112: 0.26 | H112: 259 | I112: 501.25 | J112: 0.0324 | K112: 0.0038 | L112: 2924.0385
G113: 0.26 | H113: 436 | I113: 501.25 | J113: 0.0545 | K113: 0.00626 | L113: 3604.8077
G114: 0.26 | H114: 645 | I114: 501.25 | J114: 0.0806 | K114: 0.00909 | L114: 4408.6538
G115: 0.372 | H115: 645 | I115: 501.25 | J115: 0.0806 | K115: 0.00909 | L115: 3081.3172
G116: 1.47 | H116: 645 | I116: 501.25 | J116: 0.0806 | K116: 0.00909 | L116: 779.7619
G117: 140 | H117: 645 | I117: 501.25 | J117: 0.0806 | K117: 0.00855 | L117: 8.1875
G118: 1060 | H118: 645 | I118: 501.25 | J118: 0.164 | K118: 0.603 | L118: 1.0813679
G119: 3020 | H119: 645 | I119: 501.25 | J119: 0.468 | K119: 1.64 | L119: 0.37955298

Sheet LPDDR_3d_SRAM
A2: Time spent (data traffic)
A3: T_mem (in sec) | B3: =MAX(H29/F20,I38/G20,J47/H20) -> 0.00017056372
A7: Application/Mapping specific parameters
A8: Assumptions
A9: Parameter | B9: Linear dimension of the compute block (N_x) | C9: # of computation points that we wish to parallelize | D9: #threads required as per the application | E9: # thread blocks | F9: # groups | G9: Bx | H9: By | I9: Bz | J9: halo_width
A10: use calculation or override with user input | B10: user input | C10: calculated | D10: calculated | E10: calculated | F10: calculated | G10: user input | H10: user input | I10: user input | J10: user input
A11: Value used in formula | B11: =IF(B10=Inputs!$C$1,B12,B13) -> 256 | C11: =IF(C10=Inputs!$C$1,C12,C13) -> 16777216 | D11: =IF(D10=Inputs!$C$1,D12,D13) -> 16777216 | E11: =IF(E10=Inputs!$C$1,E12,E13) -> 131072 | F11: =IF(F10=Inputs!$C$1,F12,F13) -> 16 | G11: =IF(G10=Inputs!$C$1,G12,G13) -> 32 | H11: =IF(H10=Inputs!$C$1,H12,H13) -> 4 | I11: =IF(I10=Inputs!$C$1,I12,I13) -> 1 | J11: =IF(J10=Inputs!$C$1,J12,J13) -> 2
A12: user input value | B12: 256 | G12: 32 | H12: 4 | I12: 1 | J12: 2
A13: Calculated from more detail or defined earlier | B13: =B26 -> 0 | C13: =B11*B11*B11 -> 16777216 | D13: =C11 -> 16777216 | E13: =D11/D20 -> 131072 | F13: =E11/N20 -> 16 | G13: =G26 -> 0 | H13: =H26 -> 0 | I13: =I26 -> 0 | J13: =J26 -> 0
A14: comments
A16: Hardware specs
A17: Assumptions
A18: Parameter | B18: Number of threads per SM | C18: Number of SMs | D18: # threads per block | E18: Clock rate (R) in GHz | F18: BW_SM (GB/s) | G18: BW_L2 (GB/s) | H18: BW_GM (GB/s) | I18: on-SM storage (KB) | J18: L2 cache size (KB) | K18: L2 cache-line size (B) | L18: occupancy | M18: # thread blocks per SM | N18: # thread blocks per group | O18: BW per SM (GB/s) | P18: SM cache-line size (B) | Q18: BW per L2 (GB/s)
A19: use calculation or override with user input | B19: user input | C19: user input | D19: user input | E19: user input | F19: calculated | G19: calculated | H19: user input | I19: user input | J19: calculated | K19: user input | L19: user input | M19: calculated | N19: calculated | O19: user input | P19: user input | Q19: user input
A20: Value used in formula | B20: =IF(B19=Inputs!$C$1,B21,B22) -> 2048 | C20: =IF(C19=Inputs!$C$1,C21,C22) -> 512 | D20: =IF(D19=Inputs!$C$1,D21,D22) -> 128 | E20: =IF(E19=Inputs!$C$1,E21,E22) -> 1.25 | F20: =IF(F19=Inputs!$C$1,F21,F22) -> 78336 | G20: =IF(G19=Inputs!$C$1,G21,G22) -> 16384 | H20: =IF(H19=Inputs!$C$1,H21,H22) -> 1593.75 | I20: =IF(I19=Inputs!$C$1,I21,I22) -> 1024 | ... K20: =IF(K19=Inputs!$C$1,K21,K22) -> 256 | L20: 1 | M20: =IF(M19=Inputs!$C$1,M21,M22) -> 16 | N20: =IF(N19=Inputs!$C$1,N21,N22) -> 8192 | O20: =IF(O19=Inputs!$C$1,O21,O22) -> 153 | P20: =IF(P19=Inputs!$C$1,P21,P22) -> 256 | Q20: =IF(Q19=Inputs!$C$1,Q21,Q22) -> 32
A21: user input value | B21: 2048 | C21: 512 | D21: 128 | E21: 1.25 | H21: 1593.75 | I21: 1024 | J21: 1361920 | K21: 256 | L21: 1 | O21: 153 | P21: 256 | Q21: 32
A22: Calculated from more detail or defined earlier | B22: 0 | C22: 0 | D22: 128 | E22: 0 | F22: =O20*C20 -> 78336 | G22: =Q20*C20 -> 16384 | H22: 0 | I22: 0 | J22: =I20*C20-I20 -> 523264 | K22: 0 | L22: 1 | M22: =B20/D20 -> 16 | N22: =M20*C20 -> 8192 | O22: 0 | P22: 0 | Q22: 0
A23: comments
A25: On SM to thread private registers
A26: Assumptions
A27: Parameter | B27: Precesion (byte) | C27: Number of threads per SM | D27: number of loads per thread from the on-SM storage to registers | E27: number of corresponding stores per thread | F27: no of algined (with L1 cache-line of 128B) loads | G27: no of miss-algined loads | H27: traffic volume between SM and registers (V_SM) in GB | I27: time
A28: use calculation or override with user input | B28: user input | C28: calculated | D28: calculated | E28: user input | F28: user input | G28: user input | H28: calculated | I28: calculated
A29: Value used in formula | B29: =IF(B28=Inputs!$C$1,B30,B31) -> 16 | C29: =IF(C28=Inputs!$C$1,C30,C31) -> 2048 | D29: =IF(D28=Inputs!$C$1,D30,D31) -> 9 | E29: =IF(E28=Inputs!$C$1,E30,E31) -> 1 | F29: =IF(F28=Inputs!$C$1,F30,F31) -> 5 | G29: =IF(G28=Inputs!$C$1,G30,G31) -> 2 | H29: =IF(H28=Inputs!$C$1,H30,H31) -> 2.5 | I29: =IF(I28=Inputs!$C$1,I30,I31) -> 3.1913807e-05
A30: user input value | B30: 16 | D30: 50 | E30: 1 | F30: 5 | G30: 2
A31: Calculated from more detail or defined earlier | B31: 0 | C31: =B20 -> 2048 | D31: =F29+2*G29 -> 9 | E31: 0 | F31: 0 | G31: 0 | H31: =C11*B29*(D29+E29)/1024^3 -> 2.5 | I31: =H29/F20 -> 3.1913807e-05
A32: comments
A34: L2 cache to On SM storage
A35: Assumptions
A36: Parameter | B36: Precesion | C36: Number of threads blocks | D36: number of data values loads per thread block from L2 into SM storage | E36: number of data values stored per thread block | F36: no of mandatory values loaded per thread block | G36: SM miss ratio | H36: delta | I36: traffic volume between L2 and SM (V_L2) in GB | J36: time
A37: use calculation or override with user input | B37: calculated | C37: calculated | D37: calculated | E37: calculated | F37: calculated | G37: calculated | H37: user input | I37: calculated | J37: calculated
A38: Value used in formula | B38: =IF(B37=Inputs!$C$1,B39,B40) -> 16 | C38: =IF(C37=Inputs!$C$1,C39,C40) -> 131072 | D38: =IF(D37=Inputs!$C$1,D39,D40) -> 576.81 | E38: =IF(E37=Inputs!$C$1,E39,E40) -> 128 | F38: =IF(F37=Inputs!$C$1,F39,F40) -> 576 | G38: =IF(G37=Inputs!$C$1,G39,G40) -> 0.00140625 | H38: =IF(H37=Inputs!$C$1,H39,H40) -> 0.01 | I38: =IF(I37=Inputs!$C$1,I39,I40) -> 1.376582 | J38: =IF(J37=Inputs!$C$1,J39,J40) -> 8.4019899e-05
A39: user input value | D39: 2000 | F39: 5 | G39: 0 | H39: 0.01 | I39: 1.19
A40: Calculated from more detail or defined earlier | B40: =B29 -> 16 | C40: =E11 -> 131072 | D40: =F38*(1+G38) -> 576.81 | E40: =E29*D20 -> 128 | F40: =G11*H11*I11+(G11*I11+G11*H11)*J11+P20*H11*I11*2/B38 -> 576 | G40: =L20*C29*F38*H38*B38/(D20*I20*1024) -> 0.00140625 | H40: 0 | I40: =C38*B38*(D38+E38)/1024^3 -> 1.376582 | J40: =I38/G20 -> 8.4019899e-05
A41: comments | B41: delta is a HW specific fitting parameter that connects the capacity miss ratio with the total data volume needed by the active thread blocks in the same SMX
A43: Global memory (GM) to L2 cache
A44: Assumptions
A45: Parameter | B45: Precesion | C45: Number of threads block groups | D45: number of data values loads per group from global memory to L2 cache | E45: number of data values stored per group | F45: no of mandatory values loaded per group | G45: L2 miss ratio | H45: epsilon | I45: # thread blocks per group | J45: traffic volume between GM and L2 (V_GM) in GB | K45: time | L45: width_y | M45: height_z
A46: use calculation or override with user input | B46: calculated | C46: calculated | D46: calculated | E46: calculated | F46: calculated | G46: calculated | H46: user input | I46: calculated | J46: calculated | K46: calculated | L46: user input | M46: user input
A47: Value used in formula | B47: =IF(B46=Inputs!$C$1,B48,B49) -> 16 | C47: =IF(C46=Inputs!$C$1,C48,C49) -> 16 | D47: =IF(D46=Inputs!$C$1,D48,D49) -> 91586.505 | E47: =IF(E46=Inputs!$C$1,E48,E49) -> 1048576 | F47: =IF(F46=Inputs!$C$1,F48,F49) -> 91584 | G47: =IF(G46=Inputs!$C$1,G48,G49) -> 2.7347572e-05 | H47: =IF(H46=Inputs!$C$1,H48,H49) -> 0.01 | I47: =IF(I46=Inputs!$C$1,I48,I49) -> 8192 | ... K47: =IF(K46=Inputs!$C$1,K48,K49) -> 0.00017056372 | L47: 106 | M47: 3
A48: user input value | D48: 1000000 | F48: 700000000 | G48: 0 | H48: 0.01 | L48: 106 | M48: 3
A49: Calculated from more detail or defined earlier | B49: =B29 -> 16 | C49: =F11 -> 16 | D49: =F47*(1+G47) -> 91586.505 | E49: =I47*E38 -> 1048576 | F49: =(B11+2*K20/B47)*L47*M47 -> 91584 | G49: =F47*B47*H47/(J20*1024) -> 2.7347572e-05 | H49: 0 | I49: =N20 -> 8192 | J49: =B47*C47*(D47+E47)/1024^3 -> 0.27183592 | K49: =J47/H20 -> 0.00017056372 | L49: 0 | M49: 0
A50: comments | B50: epslion is another prescribed small constant, similar to delta | F50: =G47/H47 -> 0.0027347572
F51: =B3 -> 0.00017056372
A52: V_GM | B52: V_L2 | C52: V_SM
A53: =J47 -> 0.27183592 | B53: =I38 -> 1.376582 | C53: =H29 -> 2.5
A54: 3rd point

Sheet GPU Model
A2: GPU Model (*incomplete)
A3: Assumptions
A4: Parameter | B4: Number of warps per block (N_w) | C4: Number of threads per warp (N_t) | D4: Pipeline depth of a core (D) | E4: Number of cores per SM (N_c) | F4: ILP | G4: No of cycles per global memory access by a thread | H4: No of cycles per shared memory access by a thread | I4: Cycles required for computation in a thread (N_comp) | J4: No of bank conflicts | K4: Stride (controls the no of threads in a warp benefitted from a coalesced access) | L4: cycles required for all the memory accesses by a thread (N_mem) | M4: Degree of latency hiding or impact of scheduling | N4: total ycles required by a thread (C) | O4: cycles required for a kernel K, C_K = N_B * N_w * N_t * C /N_C/ D | P4: Time required in sec T_K = C_K/R
A5: use calculation or override with user input | B5: calculated | C5: calculated | D5: calculated | E5: calculated | F5: calculated | G5: calculated | H5: calculated | I5: calculated | J5: calculated | K5: calculated | L5: calculated | M5: calculated | N5: calculated | O5: calculated | P5: calculated
A6: Value used in formula | B6: =IF(B5=Inputs!$C$1,B7,B8) -> 0 | C6: =IF(C5=Inputs!$C$1,C7,C8) -> 0 | D6: =IF(D5=Inputs!$C$1,D7,D8) -> 0 | E6: =IF(E5=Inputs!$C$1,E7,E8) -> 0 | F6: =IF(F5=Inputs!$C$1,F7,F8) -> 0 | G6: =IF(G5=Inputs!$C$1,G7,G8) -> 0 | H6: =IF(H5=Inputs!$C$1,H7,H8) -> 0 | I6: =IF(I5=Inputs!$C$1,I7,I8) -> 0 | ... P6: =IF(P5=Inputs!$C$1,P7,P8) -> 0
A7: user input value
A8: Calculated from more detail or defined earlier | B8: =B26 -> 0 | C8: =B6/60/60/24 -> 0 | D8: =C6/365 -> 0 | E8: =D39*C39*B39/(Inputs!J16*Inputs!K16*Inputs!L16) -> 0 | F8: =B39*F39*C39/(Inputs!J16*Inputs!K16*Inputs!L16) -> 0 | G8: =SUM(E6:F6) -> 0 | H8: =B114*C39*B39 -> 0 | I8: =B124*C39*B39 -> 0 | J8: =C124*D39*C39 -> 0 | K8: =C124*D39*C39 -> 0 | L8: =MAX(E101,F101)*C39*B39 -> 0 | M8: =G101*(B101+C101+MAX(E101,F101))*C39*B39 -> 0 | N8: =H101*(C101+E101+MAX(F101,G101))*D39*C39 -> 0 | O8: =B177*C39*B39 -> 0 | P8: =B187*C39*B39 -> 0
A9: comments
A11: Time spent (data traffic)
A12: T_mem (in sec) | B12: =MAX(H38/F29,I47/G29,J56/H29) -> 0.0032374148
A16: Application/Mapping specific parameters
A17: Assumptions
A18: Parameter | B18: Linear dimension of the compute block (N_x) | C18: # of computation points that we wish to parallelize | D18: #threads required as per the application | E18: # thread blocks | F18: # groups
A19: use calculation or override with user input | B19: user input | C19: calculated | D19: calculated | E19: calculated | F19: calculated
A20: Value used in formula | B20: =IF(B19=Inputs!$C$1,B21,B22) -> 256 | C20: =IF(C19=Inputs!$C$1,C21,C22) -> 16777216 | D20: =IF(D19=Inputs!$C$1,D21,D22) -> 16777216 | E20: =IF(E19=Inputs!$C$1,E21,E22) -> 131072 | F20: =IF(F19=Inputs!$C$1,F21,F22) -> 630.15385
A21: user input value | B21: 256
A22: Calculated from more detail or defined earlier | B22: =B35 -> 0 | C22: =B20*B20*B20 -> 16777216 | D22: =C20 -> 16777216 | E22: =D20/D29 -> 131072 | F22: =E20/N29 -> 630.15385
A23: comments | I23: ?
A25: Hardware specs
A26: Assumptions
A27: Parameter | B27: Number of threads per SM | C27: Number of SMs | D27: # threads per block | E27: Clock rate (R) in GHz | F27: BW_SM (GB/s) | G27: BW_L2 (GB/s) | H27: BW_GM (GB/s) | I27: read only data cache size per SM (KB) | J27: L2 cache size (KB) | K27: L2 cache-line size (KB) | L27: occupancy | M27: # thread blocks per SM | N27: # thread blocks per group
A28: use calculation or override with user input | B28: user input | C28: user input | D28: user input | E28: user input | F28: user input | G28: user input | H28: user input | I28: user input | J28: user input | K28: user input | L28: user input | M28: calculated | N28: calculated
A29: Value used in formula | B29: =IF(B28=Inputs!$C$1,B30,B31) -> 2048 | C29: =IF(C28=Inputs!$C$1,C30,C31) -> 13 | D29: =IF(D28=Inputs!$C$1,D30,D31) -> 128 | E29: =IF(E28=Inputs!$C$1,E30,E31) -> 0.71 | F29: =IF(F28=Inputs!$C$1,F30,F31) -> 1215 | G29: =IF(G28=Inputs!$C$1,G30,G31) -> 368 | H29: =IF(H28=Inputs!$C$1,H30,H31) -> 161 | I29: =IF(I28=Inputs!$C$1,I30,I31) -> 48 | ... K29: =IF(K28=Inputs!$C$1,K30,K31) -> 0.032 | L29: 1 | M29: =IF(M28=Inputs!$C$1,M30,M31) -> 16 | N29: =IF(N28=Inputs!$C$1,N30,N31) -> 208
A30: user input value | B30: 2048 | C30: 13 | D30: 128 | E30: 0.71 | F30: 1215 | G30: 368 | H30: 161 | I30: 48 | J30: 1250 | K30: 0.032
A31: Calculated from more detail or defined earlier | B31: 0 | C31: 0 | D31: 0 | E31: 0 | F31: 0 | G31: 0 | H31: 0 | I31: 0 | J31: 0 | K31: 0 | L31: 1 | M31: =B29/D29 -> 16 | N31: =M29*C29 -> 208
A32: comments
A34: On SM to thread private registers
A35: Assumptions
A36: Parameter | B36: Precesion (byte) | C36: Number of threads per SM | D36: number of loads per thread from the on-SM storage to registers | E36: number of corresponding stores per thread | F36: no of algined (with L1 cache-line of 128B) loads | G36: no of miss-algined loads | H36: traffic volume between SM and registers (V_SM) in GB
A37: use calculation or override with user input | B37: user input | C37: calculated | D37: calculated | E37: user input | F37: user input | G37: user input | H37: calculated
A38: Value used in formula | B38: =IF(B37=Inputs!$C$1,B39,B40) -> 8 | C38: =IF(C37=Inputs!$C$1,C39,C40) -> 2048 | D38: =IF(D37=Inputs!$C$1,D39,D40) -> 9 | E38: =IF(E37=Inputs!$C$1,E39,E40) -> 1 | F38: =IF(F37=Inputs!$C$1,F39,F40) -> 5 | G38: =IF(G37=Inputs!$C$1,G39,G40) -> 2 | H38: =IF(H37=Inputs!$C$1,H39,H40) -> 1.25
A39: user input value | B39: 8 | E39: 1 | F39: 5 | G39: 2
A40: Calculated from more detail or defined earlier | B40: 0 | C40: =B29 -> 2048 | D40: =F38+2*G38 -> 9 | E40: 0 | F40: 0 | G40: 0 | H40: =C20*B38*(D38+E38)/1024^3 -> 1.25
A41: comments
A43: L2 cache to On SM storage
A44: Assumptions
A45: Parameter | B45: Precesion | C45: Number of threads blocks | D45: number of data values loads per thread block from L2 into SM storage | E45: number of data values stored per thread block | F45: no of mandatory values loaded per thread block | G45: SM miss ratio | H45: delta | I45: traffic volume between L2 and SM (V_L2) in GB
A46: use calculation or override with user input | B46: calculated | C46: calculated | D46: calculated | E46: calculated | F46: user input | G46: calculated | H46: user input | I46: calculated
A47: Value used in formula | B47: =IF(B46=Inputs!$C$1,B48,B49) -> 8 | C47: =IF(C46=Inputs!$C$1,C48,C49) -> 131072 | D47: =IF(D46=Inputs!$C$1,D48,D49) -> 716.90667 | E47: =IF(E46=Inputs!$C$1,E48,E49) -> 128 | F47: =IF(F46=Inputs!$C$1,F48,F49) -> 704 | G47: =IF(G46=Inputs!$C$1,G48,G49) -> 0.018333333 | H47: =IF(H46=Inputs!$C$1,H48,H49) -> 0.01 | I47: =IF(I46=Inputs!$C$1,I48,I49) -> 0.82510417
A48: user input value | F48: 704 | H48: 0.01
A49: Calculated from more detail or defined earlier | B49: =B38 -> 8 | C49: =E20 -> 131072 | D49: =F47*(1+G47) -> 716.90667 | E49: =E38*D29 -> 128 | F49: 0 | G49: =L29*C38*F47*H47*B47/(D29*I29*1024) -> 0.018333333 | H49: 0 | I49: =C47*B47*(D47+E47)/1024^3 -> 0.82510417
A50: comments | B50: delta is a HW specific fitting parameter that connects the capacity miss ratio with the total data volume needed by the active thread blocks in the same SMX
A52: Global memory (GM) to L2 cache
A53: Assumptions
A54: Parameter | B54: Precesion | C54: Number of threads block groups | D54: number of data values loads per group from global memory to L2 cache | E54: number of data values stored per group | F54: no of mandatory values loaded per group | G54: L2 miss ratio | H54: epsilon | I54: # thread blocks per group | J54: traffic volume between GM and L2 (V_GM) in GB
A55: use calculation or override with user input | B55: calculated | C55: calculated | D55: calculated | E55: calculated | F55: user input | G55: calculated | H55: user input | I55: calculated | J55: calculated
A56: Value used in formula | B56: =IF(B55=Inputs!$C$1,B57,B58) -> 8 | C56: =IF(C55=Inputs!$C$1,C57,C58) -> 630.15385 | D56: =IF(D55=Inputs!$C$1,D57,D58) -> 84392.496 | E56: =IF(E55=Inputs!$C$1,E57,E58) -> 26624 | F56: =IF(F55=Inputs!$C$1,F57,F58) -> 83952 | G56: =IF(G55=Inputs!$C$1,G57,G58) -> 0.005247 | H56: =IF(H55=Inputs!$C$1,H57,H58) -> 0.01 | I56: =IF(I55=Inputs!$C$1,I57,I58) -> 208 | J56: =IF(J55=Inputs!$C$1,J57,J58) -> 0.52122378
A57: user input value | F57: 83952 | H57: 0.01
A58: Calculated from more detail or defined earlier | B58: =B38 -> 8 | C58: =F20 -> 630.15385 | D58: =F56*(1+G56) -> 84392.496 | E58: =I56*E47 -> 26624 | F58: 0 | G58: =F56*B56*H56/(J29*1024) -> 0.005247 | H58: 0 | I58: =N29 -> 208 | J58: =B56*C56*(D56+E56)/1024^3 -> 0.52122378
A59: comments | B59: epslion is another prescribed small constant, similar to delta

Sheet Energy Model
A1: Energy breakdown
A2: Parameter | B2: Total time to train (s) | C2: Total energy to train (J) | D2: Average overall power (W) | E2: Energy efficiency (ops/s/W or ops/J) ) aka inverse of power delay product | F2: (ops/s)^2/W aka inverse of energy-delay product | G2: (ops/s)^3/W aka inverse of energy-delay-square prodct | H2: Energy due to accelerators computing | I2: Energy due to accelerators idling | J2: Energy due to intra node communication | K2: Energy due to inter node communication | L2: Energy due to overhead of nodes | M2: Energy due to overhead of datacenter
A3: use calculation or override with user input | B3: calculated | C3: calculated | D3: calculated | E3: calculated | F3: calculated | G3: calculated | H3: calculated | I3: calculated | J3: calculated | K3: calculated | L3: calculated | M3: calculated
A4: Value used in formula | B4: =IF(B3=Inputs!$C$1,B5,B6) -> 3.5781399e+13 | C4: =IF(C3=Inputs!$C$1,C5,C6) -> 8.3299098e+16 | D4: =IF(D3=Inputs!$C$1,D5,D6) -> 2328 | E4: =IF(E3=Inputs!$C$1,E5,E6) -> 1.7781177e+11 | F4: =IF(F3=Inputs!$C$1,F5,F6) -> 7.3604433e+25 | G4: =IF(G3=Inputs!$C$1,G5,G6) -> 3.0468245e+40 | H4: =IF(H3=Inputs!$C$1,H5,H6) -> 2.2900096e+16 | I4: =IF(I3=Inputs!$C$1,I5,I6) -> 0 | ... M4: =IF(M3=Inputs!$C$1,M5,M6) -> 1.3883183e+16
A5: user input value
A6: Calculated from more detail or defined earlier | B6: ='Performance Model'!B4 -> 3.5781399e+13 | C6: =B9 -> 8.3299098e+16 | D6: =C6/B6 -> 2328 | E6: ='Performance Model'!X4*2/C6 -> 1.7781177e+11 | F6: =('Performance Model'!Z6*10^12)^2/D6 -> 7.3604433e+25 | G6: =('Performance Model'!Z6*10^12)^3/D6 -> 3.0468245e+40 | H6: =C23*D23*B23 -> 2.2900096e+16 | I6: =B23*E23*F23 -> 0 | J6: =D13 -> 0 | K6: =E13 -> 0 | L6: =F13 -> 4.6515819e+16 | M6: =(B13-1)*(C13+D13+E13+F13) -> 1.3883183e+16
A7: comments | E7: ='Performance Model'!X4*2/B6/D6 -> 1.7781177e+11
A8: Top level
A9: Total Energy to train the model (J) | B9: =B13*(C13+D13+E13+F13) -> 8.3299098e+16
A10: Assumptions
A11: Parameter | B11: PUE | C11: Energy for accelerators [E_acc] (J) | D11: Intra node communication energy [E_intracomm] (J) | E11: Inter node communication energy [E_intercomm] (J) | F11: Energy for nodes, excluding accelerators [E_nodes] (J)
A12: use calculation or override with user input | B12: user input | C12: calculated | D12: calculated | E12: calculated | F12: calculated
A13: Value used in formula | B13: =IF(B12=Inputs!$C$1,B14,B15) -> 1.2 | C13: =IF(C12=Inputs!$C$1,C14,C15) -> 2.2900096e+16 | D13: =IF(D12=Inputs!$C$1,D14,D15) -> 0 | E13: =IF(E12=Inputs!$C$1,E14,E15) -> 0 | F13: =IF(F12=Inputs!$C$1,F14,F15) -> 4.6515819e+16
A14: user input value | B14: 1.2
A15: Calculated from more detail | C15: =B19 -> 2.2900096e+16 | D15: =B47 -> 0 | E15: =B92 -> 0 | F15: =B137 -> 4.6515819e+16
A16: comments | B16: typical number quoted for datacenter efficiency
A18: Multi accelerator energy
B19: =B23*(C23*D23+E23*F23) -> 2.2900096e+16
A20: Assumptions | C20: assume idle when communicating or waiting
A21: Parameter | B21: Number of accelerators | C21: Active compute time (s) | D21: active power accelerator (W) | E21: Idle time (s) | F21: Idle power (w)
A22: use calculation or override with user input | B22: calculated | C22: calculated | D22: calculated | E22: calculated | F22: calculated
A23: Value used in formula | B23: =IF(B22=Inputs!$C$1,B24,B25) -> 1 | C23: =IF(C22=Inputs!$C$1,C24,C25) -> 3.5781399e+13 | D23: =IF(D22=Inputs!$C$1,D24,D25) -> 640 | E23: =IF(E22=Inputs!$C$1,E24,E25) -> 0 | F23: =IF(F22=Inputs!$C$1,F24,F25) -> 70
A24: user input value | D24: 400
A25: Calculated from more detail | B25: =Inputs!M14 -> 1 | C25: ='Performance Model'!H4 -> 3.5781399e+13 | D25: =B28 -> 640 | E25: ='Performance Model'!V4+'Performance Model'!W4 -> 0 | F25: =B38 -> 70
A26: comments | D26: includes memory active power
A27: Active Accelerator power
A28: Active power per accelerator (W) | B28: =B32*(C32-F32)*(E32/D32)^3 -> 640 | H28: y = 1E10x2 - 1E10x + 3E09, till 3GHz | I28: y = -1E10x2 + 2E10x - 9E09 after 3GHz
A29: Assumptions | B29: assumes frequency scales linearly with voltage | D29: P = C*V^2*f*a | H29: between 0.4V and 1.8V | J29: P_act = U*(P_tdp -P_intraconnect) * (V^2*f)/(V_TDP^2*f_TDP)
A30: Parameter | B30: active utilization power scaling factor [U] | C30: accelerator TDP [P_TDP] | D30: frequency @TDP [F_TDP] | E30: frequency | F30: power intra node connection | H30: frequency in function of voltage formula by Manu fitted on range of parallel architectures | I30: voltage | K30: power scaling factor (P/P_TDP) | L30: voltage TDP | M30: frequency TDP | N30: chosen voltage | O30: resulting frequency when choosing voltage | P30: resulting voltage when choosing frequency | Q30: chosen frequency
A31: use calculation or override with user input | B31: user input | C31: calculated | D31: calculated | E31: user input | F31: user input | H31: calculated | I31: user input | K31: calculated | L31: user input | M31: user input | N31: user input | O31: calculated | P31: calculated | Q31: user input
A32: Value used in formula | B32: =IF(B31=Inputs!$C$1,B33,B34) -> 1 | C32: =IF(C31=Inputs!$C$1,C33,C34) -> 700 | D32: =IF(D31=Inputs!$C$1,D33,D34) -> 1800000000 | E32: =IF(E31=Inputs!$C$1,E33,E34) -> 1800000000 | F32: =IF(F31=Inputs!$C$1,F33,F34) -> 60 | H32: =IF(H31=Inputs!$C$1,H33,H34) -> 9e+08 | I32: =IF(I31=Inputs!$C$1,I33,I34) -> 0.7 | K32: =IF(K31=Inputs!$C$1,K33,K34) -> 0 | L32: =IF(L31=Inputs!$C$1,L33,L34) -> 0.7 | M32: =IF(M31=Inputs!$C$1,M33,M34) -> 1410000000 | N32: =IF(N31=Inputs!$C$1,N33,N34) -> 0.7 | O32: =IF(O31=Inputs!$C$1,O33,O34) -> 1410000000 | P32: =IF(P31=Inputs!$C$1,P33,P34) -> 0.25751561 | Q32: =IF(Q31=Inputs!$C$1,Q33,Q34) -> 0
A33: user input value | B33: 1 | E33: 1800000000 | F33: 60 | I33: 0.7 | L33: 0.7 | M33: 1410000000 | N33: 0.7 | Q33: 0
A34: Calculated from more detail | C34: =Inputs!O28 -> 700 | D34: =Inputs!P28 -> 1800000000 | E34: =Inputs!B28 -> 1800000000 | H34: =IF(10000000000*I32^2-10000000000*I32+3000000000 < 3000000000, 10000000000*I32^2-10000000000*I32+3000000000, -10000000000*I32^2+20000000000*I32-9000000000) -> 9e+08 | K34: =P32^2*Q32/(L32^2*M32) -> 0 | O34: =M32*N32/L32 -> 1410000000 | P34: =L32*EXP(Q32/M32)/EXP(1) -> 0.25751561
A35: comments | B35: how much of TDP is used in active time | H35: =10000000000*I32^2-10000000000*I32+3000000000 -> 9e+08 | I35: A100 1.41 at 0.7V | K35: keep range to 0.5 - 2 here? Limit choices in V | O35: =TANH(N32/L32)*M32 -> 1.0738478e+09 | P35: =EXP(0) -> 1
H36: =-10000000000*I32^2+20000000000*I32-9000000000 -> 100000000 | I36: H100 1.81
A37: Idle Accelerator power
A38: Idle power per accelerator (W) | B38: =B42+C42 -> 70
A39: Assumptions | B39: educated guesses, could be better based on tech node, die sizes and memory config
A40: Parameter | B40: Idle power (W) | C40: Memory idle power (W)
A41: use calculation or override with user input | B41: user input | C41: user input
A42: Value used in formula | B42: =IF(B41=Inputs!$C$1,B43,B44) -> 50 | C42: =IF(C41=Inputs!$C$1,C43,C44) -> 20
A43: user input value | B43: 50 | C43: 20
A44: Calculated from more detail
A45: comments
A46: Intra node comm energy
A47: Communication intra node energy | B47: =B51*(C51+D51+E51+F51) -> 0
A48: Assumptions
A49: Parameter | B49: Communication energy per bit intra node (J/bit) | C49: Tensor parallel Intra comm volume (bits) [V_TP_intra] | D49: pipeline parallel Intra comm volume (bits) [V_PP_intra] | E49: data parallel intra comm volume (bits) [V_DP_intra] | F49: MoE comm volume intra
A50: use calculation or override with user input | B50: user input | C50: calculated | D50: calculated | E50: calculated | F50: calculated
A51: Value used in formula | B51: =IF(B50=Inputs!$C$1,B52,B53) -> 1.6e-11 | C51: =IF(C50=Inputs!$C$1,C52,C53) -> 0 | D51: =IF(D50=Inputs!$C$1,D52,D53) -> 0 | E51: =IF(E50=Inputs!$C$1,E52,E53) -> 0 | F51: =IF(F50=Inputs!$C$1,F52,F53) -> 0
A52: user input value | B52: 1.6e-11
A53: Calculated from more detail | C53: =B56 -> 0 | D53: =B65 -> 0 | E53: =B74 -> 0 | F53: =B83 -> 0
A54: comments | B54: Nvlink estimated 2pJ/bit but hop through switches (8x)
A55: Tensor parallel Intra node comm volume
A56: Tensor parallel Intra comm volume (bits) | B56: =D60*B60*C60*E60*(F60*G60*H60+I60*J60*K60) -> 0
A57: Assumptions | B57: both backward and forward pass
A58: Parameter | B58: Layers [L] | C58: number of batches [N_batch] | D58: number of nodes [N_nodes] | E58: Tensor parallel degree within node | F58: N_act_intra | G58: S_activation | H58: N_topo_intra | I58: N_err_intra | J58: S_err | K58: N_topo_intra
A59: use calculation or override with user input | B59: calculated | C59: calculated | D59: calculated | E59: calculated | F59: calculated | G59: calculated | H59: calculated | I59: calculated | J59: calculated | K59: calculated
A60: Value used in formula | B60: =IF(B59=Inputs!$C$1,B61,B62) -> 480 | C60: =IF(C59=Inputs!$C$1,C61,C62) -> 7152557.4 | D60: =IF(D59=Inputs!$C$1,D61,D62) -> 1 | E60: =IF(E59=Inputs!$C$1,E61,E62) -> 1 | F60: =IF(F59=Inputs!$C$1,F61,F62) -> 6.4871902e+09 | G60: =IF(G59=Inputs!$C$1,G61,G62) -> 16 | H60: =IF(H59=Inputs!$C$1,H61,H62) -> 0 | I60: =IF(I59=Inputs!$C$1,I61,I62) -> 6.4871902e+09 | ... K60: =IF(K59=Inputs!$C$1,K61,K62) -> 0
A61: user input value
A62: Calculated from more detail | B62: =Inputs!N7 -> 480 | C62: =Inputs!M7 -> 7152557.4 | D62: =B141 -> 1 | E62: =Inputs!D14 -> 1 | F62: ='Performance Model'!C102 -> 6.4871902e+09 | G62: =Inputs!C7 -> 16 | H62: ='Performance Model'!F102 -> 0 | I62: ='Performance Model'!C165 -> 6.4871902e+09 | J62: ='Performance Model'!D165 -> 32 | K62: ='Performance Model'!F165 -> 0
A63: comments
A64: pipeline parallel Intra node comm volume
A65: pipeline parallel Intra comm volume (bits) | B65: =IF(D69=1,0,B69*C69*D69*(E69*F69+G69*H69)) -> 0
A66: Assumptions | B66: both backward and forward pass
A67: Parameter | B67: number of batches [N_batch] | C67: number of nodes [N_nodes] | D67: pipeline parallel degree within node | E67: N_act_intra | F67: S_activation | G67: N_err_intra | H67: S_err
A68: use calculation or override with user input | B68: calculated | C68: calculated | D68: calculated | E68: calculated | F68: calculated | G68: calculated | H68: calculated
A69: Value used in formula | B69: =IF(B68=Inputs!$C$1,B70,B71) -> 7152557.4 | C69: =IF(C68=Inputs!$C$1,C70,C71) -> 1 | D69: =IF(D68=Inputs!$C$1,D70,D71) -> 1 | E69: =IF(E68=Inputs!$C$1,E70,E71) -> 3.2435951e+09 | F69: =IF(F68=Inputs!$C$1,F70,F71) -> 16 | G69: =IF(G68=Inputs!$C$1,G70,G71) -> 3.2435951e+09 | H69: =IF(H68=Inputs!$C$1,H70,H71) -> 32
A70: user input value
A71: Calculated from more detail | B71: =Inputs!M7 -> 7152557.4 | C71: =B141 -> 1 | D71: =Inputs!E14 -> 1 | E71: ='Performance Model'!C122 -> 3.2435951e+09 | F71: =Inputs!C7 -> 16 | G71: ='Performance Model'!C185 -> 3.2435951e+09 | H71: ='Performance Model'!D165 -> 32
A72: comments
A73: data parallel Intra node comm volume
A74: data parallel Intra comm volume (bits) | B74: =B78*C78*D78*F78*G78*H78*E78 -> 0
A75: Assumptions | B75: backward pass all reduce gradients
A76: Parameter | B76: Layers [L] | C76: number of batches [N_batch] | D76: number of nodes [N_nodes] | E76: N_DP_intra | F76: N_topo_intra | G76: N_gradients_intra | H76: S_Err
A77: use calculation or override with user input | B77: calculated | C77: calculated | D77: calculated | E77: calculated | F77: calculated | G77: calculated | H77: calculated
A78: Value used in formula | B78: =IF(B77=Inputs!$C$1,B79,B80) -> 480 | C78: =IF(C77=Inputs!$C$1,C79,C80) -> 7152557.4 | D78: =IF(D77=Inputs!$C$1,D79,D80) -> 1 | E78: =IF(E77=Inputs!$C$1,E79,E80) -> 1 | F78: =IF(F77=Inputs!$C$1,F79,F80) -> 0 | G78: =IF(G77=Inputs!$C$1,G79,G80) -> 1.6538841e+10 | H78: =IF(H77=Inputs!$C$1,H79,H80) -> 32
A79: user input value
A80: Calculated from more detail | B80: =B60 -> 480 | C80: =C60 -> 7152557.4 | D80: =D60 -> 1 | E80: =Inputs!C14 -> 1 | F80: ='Performance Model'!E238 -> 0 | G80: ='Performance Model'!F238 -> 1.6538841e+10 | H80: =Inputs!D7 -> 32
A81: comments
A82: MoE Intra node comm volume
A83: MoE Intra node comm volume | B83: =B87*C87*E87*(F87*G87+H87*I87) -> 0
A84: Assumptions
A85: Parameter | B85: Layers [L] | C85: number of batches [N_batch] | D85: number of nodes [N_nodes] | E85: N_topo | F85: N_Act | G85: S_activation | H85: N_Err | I85: S_Err
A86: use calculation or override with user input | B86: calculated | C86: calculated | D86: calculated | E86: calculated | F86: calculated | G86: calculated | H86: calculated | I86: calculated
A87: Value used in formula | B87: =IF(B86=Inputs!$C$1,B88,B89) -> 480 | C87: =IF(C86=Inputs!$C$1,C88,C89) -> 7152557.4 | D87: =IF(D86=Inputs!$C$1,D88,D89) -> 1 | E87: =IF(E86=Inputs!$C$1,E88,E89) -> 0 | F87: =IF(F86=Inputs!$C$1,F88,F89) -> 3.2435951e+09 | G87: =IF(G86=Inputs!$C$1,G88,G89) -> 16 | H87: =IF(H86=Inputs!$C$1,H88,H89) -> 3.2435951e+09 | I87: =IF(I86=Inputs!$C$1,I88,I89) -> 32
A88: user input value
A89: Calculated from more detail | B89: =B60 -> 480 | C89: =C60 -> 7152557.4 | D89: =D60 -> 1 | E89: ='Performance Model'!J272 -> 0 | F89: ='Performance Model'!F272 -> 3.2435951e+09 | G89: ='Performance Model'!G272 -> 16 | H89: ='Performance Model'!F274 -> 3.2435951e+09 | I89: ='Performance Model'!F281 -> 32
A90: comments
A91: Inter node comm energy
A92: Communication inter node energy | B92: =B96*(C96+D96+E96) -> 0
A93: Assumptions
A94: Parameter | B94: Communication energy per bit inter node (J/bit) | C94: Tensor parallel inter comm volume (bits) | D94: pipeline parallel inter comm volume (bits) | E94: data parallel inter comm volume (bits) | F94: MoE comm volume inter
A95: use calculation or override with user input | B95: user input | C95: calculated | D95: calculated | E95: calculated
A96: Value used in formula | B96: =IF(B95=Inputs!$C$1,B97,B98) -> 1.6e-09 | C96: =IF(C95=Inputs!$C$1,C97,C98) -> 0 | D96: =IF(D95=Inputs!$C$1,D97,D98) -> 0 | E96: =IF(E95=Inputs!$C$1,E97,E98) -> 0
A97: user input value | B97: 1.6e-09
A98: Calculated from more detail | C98: =B101 -> 0 | D98: =B110 -> 0 | E98: =B119 -> 0
A99: comments | B99: HDR infiniband estimated at 200pj/bit but should include hops through switches (8x) so will be higher!
A100: Tensor parallel inter node comm volume
A101: Tensor parallel inter comm volume (bits) | B101: =B105*C105*D105*(E105*F105*G105+H105*I105*J105) -> 0
...

Sheet Accelerator specifications
A4: Accelerator | B4: frequency (cycles/s) [f] | C4: number of cores [N_cores] | D4: number of functional units per core [N_FU] | E4: functional unit hardware 8-bit MAC/cycle [W_FU] | F4: number of non-linear functional units per core | G4: non linear functional unit hardware 8-bit NLIN/cycle | H4: inter accelerator latency (intra node) (s) | I4: intra accelerator BW (Gb/s) | J4: TDP (W) | K4: Die size (mm2) | L4: Node | M4: voltage | N4: Local Memory | O4: Node Level Memory | P4: Cluster Level Memory
A5: V100 | B5: 1245000000 | C5: 80 | D5: 8 | E5: 128 | F5: =48*4 -> 192 | G5: 4 | H5: 1e-08 | I5: =150*8*1000000000 -> 1200000000000 | J5: 300 | K5: 815 | L5: TSMC 12nm | M5: 0.8 | N5: 32000000000
A6: A100 | B6: 1410000000 | C6: 108 | D6: 4 | E6: 512 | F6: =48*Accelerator[[#This Row],[number of functional units per core '[N_FU']]] -> 192 | G6: 4 | H6: 1e-08 | I6: 2400000000000 | J6: 400 | K6: 826 | L6: TSMC 7nm | M6: 0.7 | N6: 80000000000
A7: H100 SXM5 | B7: 1800000000 | C7: 132 | D7: 4 | E7: 1024 | F7: =16*5*Accelerator[[#This Row],[number of functional units per core '[N_FU']]] -> 320 | G7: 4 | H7: 1e-08 | I7: 3600000000000 | J7: 700 | K7: 814 | L7: TSMC 4nm | M7: 0.7 | N7: 80000000000
A8: H100 PCIe | B8: 1350000000 | C8: 114 | D8: 4 | E8: 1024 | F8: =16*5*Accelerator[[#This Row],[number of functional units per core '[N_FU']]] -> 320 | G8: 4 | H8: 1e-08 | I8: 3600000000000 | J8: 350 | K8: 814 | L8: TSMC 4nm | M8: 0.7 | N8: 80000000000
A9: SC (Gen 1) - A100 [manu test] | B9: 24000000000 | C9: 64 | D9: 4 | E9: 512 | F9: 192 | G9: 4 | H9: 3.3e-11 | I9: 240000000000000 | J9: TBD
A10: P100 PCIe | B10: 1220000000 | C10: 60 | D10: 64 | E10: 4 | F10: 64 | G10: 4 | H10: 1e-08 | I10: 64000000000 | J10: 250 | K10: 610 | L10: TSMC 16nm | M10: 0.9 | N10: 16000000000
A11: P100 SXM | B11: 1380000000 | C11: 60 | D11: 64 | E11: 4 | F11: 64 | G11: 4 | H11: 1e-08 | I11: 800000000000 | J11: 300 | K11: 610 | L11: TSMC 16nm | M11: 0.9 | N11: 16000000000

Sheet MoE comments
A1: COMPUTE:
A2: layer = multi-head attention + shared output layers (including FFN)
A3: FLOPs per layer for usual transformer = FLOPs per layer for equivalent MoE
A4: No. of parameters due to MoE = (linear1+linear2) x # of experts x N_L/2 (=MoE layers)
A5: Gating overhead Flops = Bx (N_E x D x S)
A6: Gating layer # parameters = N_E x D x N_L/2
A8: COMMUNICATION:
A9: Two All-to-All communications per fwd and bwd pass
A10: Total data (B x S x h) have to be transferred accross the entire network
A11: one all-reduce of FFN is replaced by one all-to-all despatch and one all-to-all combine; thus one extra all-to-all comunication
A12: Note now this can be inter-node as well; where us if we keep tensor model parallel in a node, the all-reduce communication for FFN stays within a node.
A13: Data dispatched/gather by workers holding MHA via experts
A14: t_MoE ~ C_ Lat x (N_E-1) + (B s h) x (N_E-1) x [1/Nnodes/BW_intra + (Nnodes-NaccPNode)/Nnodes/BW_inter] /N_E

Sheet Cluster
A1: base model based on https://arxiv.org/pdf/1903.04611.pdf
I2: user input | J2: calculated
A3: Top Level
A4: Total Time to train (s) | B4: =MAX(B8,C8)+D8 -> 2629111.4 | C4: converted in days: | D4: =B4/60/60/24 -> 30.42953 | E4: converted in years: | F4: =D4/365 -> 0.083368575
A5: Assumptions | B5: assume it's known how instructions, operations, ... are split across accelerators and cpu cores up front (either by algorithm implementation, or by nature of said instructions and operations (seq, parallel, memory pattern , ...)
A6: Parameter | B6: Time estimated for all accelerator instructions (s) [T_multi_accel] | C6: Time estimated for all CPU instructions (s) [T_multi_cpu] | D6: Extra time lost because of dependencies between CPUs and accelerators (s) [D_cpu2accel] | F6: Total accelerators | G6: number of model replicas | H6: number of accelerators per model replica
A7: User input or calculated from detail? | B7: calculated | C7: user input | D7: calculated | F7: =G7*H7 -> 1024 | G7: 32 | H7: 32
A8: Value used in formula | B8: =IF(B7=$I$2,B9,B10) -> 2590747.1 | C8: =IF(C7=$I$2,C9,C10) -> 0 | D8: =IF(D7=$I$2,D9,D10) -> 38364.286
A9: user input value | B9: 1 | C9: 0 | D9: 0
A10: Calculated from more detail | B10: =B14 -> 2590747.1 | C10: insert cpu model | D10: =B141 -> 38364.286
A11: depends on
A13: Time spent in Multi GPU (s)
A14: C_multi_accel (s) | B14: =B18*(C18*(D18+E18+F18+G18+H18)*(I18/J18)+K18) -> 2590747.1 | M14: total forward pass compute | N14: =B18*D18*I18/J18*C18 -> 581.5662
A15: Assumptions | B15: layers are assumed uniform based on the average layer size and average connectivity between neurons (easy to extend in the formula, but not in excel) | M15: total forward pass comm | N15: =B18*E18*I18/J18*C18 -> 1294501.2
A16: Parameter | B16: number of epochs [N_epoch] | C16: number of layers [L] | D16: Compute time forward pass (s) [U_f] | E16: Communication time forward pass (s) [M_f] | F16: Compute time backward pass (s) [U_b] | G16: Communication time backward pass (s) [M_b] | H16: Weight update time (s) [U_w] | I16: number of samples [N_sample] | J16: data parallellism degree [Q] | K16: Communication time spent in allreduce (s) [M_allreduce] | M16: total backward pass comp | N16: =B18*F18*I18/J18*C18 -> 581.5662
A17: User input or calculated from detail? | B17: user input | C17: user input | D17: calculated | E17: calculated | F17: calculated | G17: calculated | H17: calculated | I17: user input | J17: calculated | K17: user input | M17: Total backward pass communication | N17: =B18*C18*I18/J18*G18 -> 1294501.2
A18: Value used in formula | B18: =IF(B17=$I$2,B19,B20) -> 1 | C18: =IF(C17=$I$2,C19,C20) -> 96 | D18: =IF(D17=$I$2,D19,D20) -> 4.7281805e-10 | E18: =IF(E17=$I$2,E19,E20) -> 1.05244e-06 | F18: =IF(F17=$I$2,F19,F20) -> 4.7281805e-10 | G18: =IF(G17=$I$2,G19,G20) -> 1.05244e-06 | H18: =IF(H17=$I$2,H19,H20) -> 4.7281324e-10 | I18: =IF(I17=$I$2,I19,I20) -> 410000000000 | ... K18: =IF(K17=$I$2,K19,K20) -> 0 | M18: total weight update time | N18: =B18*H18*I18/J18*C18 -> 581.56028
A19: user input value | B19: 1 | C19: 96 | I19: 410000000000 | K19: 0 | M19: overhead cpu2accel | N19: =B141 -> 38364.286
A20: Calculated from more detail or defined earlier | D20: =B26 -> 4.7281805e-10 | E20: =B70 -> 1.05244e-06 | F20: =B83 -> 4.7281805e-10 | G20: =B95 -> 1.05244e-06 | H20: =B105 -> 4.7281324e-10 | J20: =B117 -> 32 | K20: =B129 -> INSERT EXCEL FORMULA | M20: all_reduce | N20: =B18*K18 -> 0
A21: depends on | M21: OVERALL | N21: =SUM(N14:N20) -> 2629111.4
C23: change the names | D23: s_neuron | E23: s_act
D24: s_MAC
A25: Compute time forward pass (s)
A26: U_f (s) | B26: =B30*C30+D30*E30 -> 4.7281805e-10
A27: Assumptions | C27: fully connected | D27: 32 times slower than MAC? | E27: 32 times model parallelism
A28: Parameter | B28: reciprocal of throughput of MAC ops (s/OP) [C_MAC] | C28: average number of weights connected from layer L-1 to neurons in segment p [W(L,p)] | D28: reciprocal of throughput of activation function calculation (s/ACT) [C_ACT] | E28: number of neurons in segment p of layer L [N_neurons(L,p)] | F28: Number of workers per model replica | G28: Precision of weights in layer L-1 that are multiplied with the activations in layer L-1 to form the activations of layer L (W_precision (L)) | H28: MAC_bitwidth (bit width of the MAC unit) | I28: Precision of activations in layer L-1 that are multiplied with the weights in layer L-1 to form the activations of layer L (A_precision (L)) | J28: Precision of neurons of layer L (N_precision (L)) | K28: Precision of the non-linear function calculating unit (Act_bitwidth )
A29: User input or calculated from detail? | B29: calculated | C29: calculated | D29: calculated | E29: calculated | F29: calculated | G29: user input | H29: user input | I29: user input | J29: user input | K29: user input
A30: Value used in formula | B30: =IF(B29=$I$2,B31,B32) -> 1.603235e-15 | C30: =IF(C29=$I$2,C31,C32) -> 294912 | D30: =IF(D29=$I$2,D31,D32) -> 5.0101094e-17 | E30: =IF(E29=$I$2,E31,E32) -> 96 | F30: =IF(F29=$I$2,F31,F32) -> 32 | G30: =IF(G29=$I$2,G31,G32) -> 8 | H30: =IF(H29=$I$2,H31,H32) -> 8 | I30: =IF(I29=$I$2,I31,I32) -> 8 | ... K30: =IF(K29=$I$2,K31,K32) -> 8
A31: user input value | G31: 8 | H31: 8 | I31: 8 | J31: 8 | K31: 8
A32: Calculated from more detail or defined earlier | B32: =B59 -> 1.603235e-15 | C32: =B48/F30 -> 294912 | D32: =B30/32 -> 5.0101094e-17 | E32: =B37/F30 -> 96 | F32: =H7 -> 32
A33: depends on | C33: neural network, model parallellism | E33: neural network, model parallellism, number of workers
A36: Activations (N_neurons (L,p)) | D36: Assuming the fully-connected feed forward layer of the transformer network
A37: N_neurons(L,p) | B37: =B41*4 -> 3072 | D37: the formula for transformer hidden layer is a rule of thumb as mentioned in QPM-Arch excel sheet
A38: Assumptions
A39: Parameter | B39: D (dimensionality of the vector) | C39: H (hidden layer size)
A40: User input or calculated from detail? | B40: user input | C40: user input
A41: Value used in formula | B41: =IF(B40=$I$2,B42,B43) -> 768 | C41: =IF(C40=$I$2,C42,C43) -> 0
A42: user input value | B42: 768 | C42: 0
A43: Calculated from more detail or defined earlier | D43: 768 is the dimensionality for GPT-3 small
A44: depends on
A47: Weights (W (L,p))
A48: Weights (L,p) | B48: =B52*B52 -> 9437184
A49: Assumptions
A50: Parameter | B50: N_neurons (L,p)
A51: User input or calculated from detail? | B51: calculated
A52: Value used in formula | B52: =IF(B51=$I$2,B53,B54) -> 3072
A53: user input value
A54: Calculated from more detail or defined earlier | B54: =B37 -> 3072
A55: depends on
C57: convert S_op to top formula
A58: Reciprocal of OPS (average time per OP)
A59: C_MAC (s/OP) | B59: =G63/(B63*C63*D63*E63*F63) -> 1.603235e-15 | C59: throughput (OP/s) | D59: =1/B59 -> 623738880000000
A60: Assumptions
A61: Parameter | B61: frequency (cycles/s) [f] | C61: number of cores [N_cores] | D61: number of functional units per core [N_FU] | E61: Ops counted per MAC | F61: functional unit width (bits/cycle) [S_FU] | G61: operand precision (bits) [S_OP]
A62: User input or calculated from detail? | B62: user input | C62: user input | D62: user input | E62: user input | F62: user input | G62: user input
A63: Value used in formula | B63: =IF(B62=$I$2,B64,B65) -> 1410000000 | C63: =IF(C62=$I$2,C64,C65) -> 108 | D63: =IF(D62=$I$2,D64,D65) -> 4 | E63: =IF(E62=$I$2,E64,E65) -> 2 | F63: =IF(F62=$I$2,F64,E65) -> 4096 | G63: =IF(G62=$I$2,G64,F65) -> 8
A64: user input value | B64: 1410000000 | C64: 108 | D64: 4 | E64: 2 | F64: 4096 | G64: 8
A65: Calculated from more detail or defined earlier
A66: depends on
A69: Communication time forward pass (s)
A70: M_f (s) | B70: =MAX(B74+C74*D74/E74,F74+G74*D74/H74) -> 1.05244e-06
A71: Assumptions
A72: Parameter | B72: Intra-node latency (s) [C_intra] | C72: Number of intra-node activations from layer L -1 arriving at layer L, segment p [N_act_intra (L,p)] | D72: Size of each activation (bits) [Sactiviation] | E72: Network Bandwidth (bits/s) [Bw_intra] | F72: Inter-node latency (s) [C_inter] | G72: Number of inter-node activations from layer L -1 arriving at layer L, segment p [N_act_inter (L,p)] | H72: Network Bandwidth (bits/s) [Bw_inter]
A73: User input or calculated from detail? | B73: user input | C73: user input | D73: user input | E73: user input | F73: user input | G73: user input | H73: user input
A74: Value used in formula | B74: =IF(B73=$I$2,B75,B76) -> 1e-07 | C74: =IF(C73=$I$2,C75,C76) -> 1311 | D74: =IF(D73=$I$2,D75,D76) -> 8 | E74: =IF(E73=$I$2,E75,E76) -> 2400000000000 | F74: =IF(F73=$I$2,F75,F76) -> 1e-06 | G74: =IF(G73=$I$2,G75,G76) -> 1311 | H74: =IF(H73=$I$2,H75,H76) -> 200000000000
A75: user input value | B75: 1e-07 | C75: 1311 | D75: 8 | E75: 2400000000000 | F75: 1e-06 | G75: 1311 | H75: 200000000000
A76: Calculated from more detail or defined earlier
A77: depends on
C78: depends on neural network, number of GPUs per node, number of nodes, pipeline parallelism, and tensor parallelism | G78: depends on neural network, number of GPUs per node, number of nodes, pipeline parallelism, and tensor parallelism
D80: change the names
A82: Compute time backward pass (s)
A83: U_b (s) | B83: =B87*C87+D87*E87 -> 4.7281805e-10
A84: Assumptions
A85: Parameter | B85: reciprocal of throughput of MAC ops/s (s/OP) [C_MAC] | C85: number of weights connected from layer L+1 to neurons in layer L, segment p [W'(L,p)] | D85: number of neurons in segment p of layer L [N_neurons(L,p)] | E85: reciprocal of throughput of error calculation (s/ERR) [C_err] | F85: Precision of weights (W'_precision (L)) | G85: MAC_bitwidth (bit width of the MAC unit) | H85: Precision of activations from L+1 that are used in the backprop for layer L (A'_precision (L)) | I85: Precision of neurons of layer L (N_precision (L)) | J85: Precision of the error calculating unit (Error_bitwidth)
A86: User input or calculated from detail? | B86: calculated | C86: calculated | D86: calculated | E86: calculated | F86: user input | G86: user input | H86: user input | I86: user input | J86: user input
A87: Value used in formula | B87: =IF(B86=$I$2,B88,B89) -> 1.603235e-15 | C87: =IF(C86=$I$2,C88,C89) -> 294912 | D87: =IF(D86=$I$2,D88,D89) -> 96 | E87: =IF(E86=$I$2,E88,E89) -> 5.0101094e-17 | F87: =IF(F86=$I$2,F88,F89) -> 8 | G87: =IF(G86=$I$2,G88,G89) -> 8 | H87: =IF(H86=$I$2,H88,H89) -> 8 | I87: =IF(I86=$I$2,I88,I89) -> 8 | J87: =IF(J86=$I$2,J88,J89) -> 8
A88: user input value | F88: 8 | G88: 8 | H88: 8 | I88: 8 | J88: 8
A89: Calculated from more detail or defined earlier | B89: =B30 -> 1.603235e-15 | C89: =C30 -> 294912 | D89: =E30 -> 96 | E89: =D30 -> 5.0101094e-17
A90: depends on | B90: defined earlier in row 30 | C90: defined earlier in row 30 | D90: defined earlier in row 30 | E90: defined earlier in row 30
A94: Communication time backward pass (s)
A95: M_b (s) | B95: =MAX(B99+C99*D99/E99,F99+G99*D99/H99) -> 1.05244e-06
A96: Assumptions
A97: Parameter | B97: Intra-node latency (s) [C_intra] | C97: Number of intra-node remote error terms [N_err_intra (L,p)] | D97: Size of each remote error term (bits) [S_err] | E97: Network Bandwidth (bits/s) [Bw_intra] | F97: Inter-node latency (s) [C_inter] | G97: Number of inter-node remote error terms [N_err_inter (L,p)] | H97: Network Bandwidth (bits/s) [Bw_inter]
A98: User input or calculated from detail? | B98: calculated | C98: calculated | D98: user input | E98: calculated | F98: calculated | G98: calculated | H98: calculated
A99: Value used in formula | B99: =IF(B98=$I$2,B100,B101) -> 1e-07 | C99: =IF(C98=$I$2,C100,C101) -> 96 | D99: =IF(D98=$I$2,D100,D101) -> 8 | E99: =IF(E98=$I$2,E100,E101) -> 2400000000000 | F99: =IF(F98=$I$2,F100,F101) -> 1e-06 | G99: =IF(G98=$I$2,G100,G101) -> 1311 | H99: =IF(H98=$I$2,H100,H101) -> 200000000000
A100: user input value | D100: 8
A101: Calculated from more detail or defined earlier | B101: =B74 -> 1e-07 | C101: =D87 -> 96 | E101: =E74 -> 2400000000000 | F101: =F74 -> 1e-06 | G101: =C74 -> 1311 | H101: =H74 -> 200000000000
A102: depends on | B102: defined earlier in row 75 | C102: defined earlier in row 75 | E102: defined earlier in row 75 | F102: defined earlier in row 75 | G102: defined earlier in row 75 | H102: defined earlier in row 75
A104: Weight update time (s)
A105: U_w (s) | B105: =B109*C109 -> 4.7281324e-10
A106: Assumptions
A107: Parameter | B107: reciprocal of throughput of MAC ops (s/OP) [C_MAC] | C107: number of weights connected from layer L+1 to neurons in segment p of layer L [W(L,p)] | D107: MAC_bitwidth (bit width of the MAC unit) | E107: Precision of activations of layer L+1(A'_precision (L)) | F107: Precision of activations of layer L(A_precision (L))
A108: User input or calculated from detail? | B108: calculated | C108: calculated | D108: user input | E108: user input | F108: user input
A109: Value used in formula | B109: =IF(B108=$I$2,B110,B111) -> 1.603235e-15 | C109: =IF(C108=$I$2,C110,C111) -> 294912 | D109: =IF(D108=$I$2,D110,D111) -> 8 | E109: =IF(E108=$I$2,E110,E111) -> 8 | F109: =IF(F108=$I$2,F110,F111) -> 8
A110: user input value | D110: 8 | E110: 8 | F110: 8
A111: Calculated from more detail or defined earlier | B111: =B30 -> 1.603235e-15 | C111: =C30 -> 294912
A112: depends on | B112: defined earlier in row 30 | C112: defined earlier in row 30
A116: Data parallelism degree | B116: insert math formula
A117: Q | B117: =B121 -> 32
A118: Assumptions
...

Sheet CPU Singlecore
A1: Interval Analysis
A2: Top Level
A5: Effective Dispatch Width (Deff) | B5: Total Number of Dynamically Executed Instructions/Micro-ops (Ntotal) | C5: Misses for icache of Level i (MILi) | D5: Miss delay for icache of Level i (CILi) ~ Level i +1 access time (Thus, LLC miss delay is DRAM access time) | E5: Cache Hierarchy Depth (Number of levels for the on-chip cache hierrachy) | F5: Branch Miss-predictions (Mbrpred) | G5: Branch Miss resolution time (Cres) | H5: Front-end pipeline depth (Cfe) | I5: Load Misses for LLC (MLLC) | J5: Miss delay for LLC (Cmem) ~ Memory access time | K5: Memory Level Paralellism (MLP) | L5: LLC hit chain penalty (PhLLC)
A6: 5 | B6: 1000000 | C6: 100 | D6: 1 | E6: 3 | F6: =B76 -> 0 | G6: =B79*B80 -> 0 | H6: 5 | I6: 1 | J6: {=INDIRECT(_xlfn.CONCAT("D",SUM(ROW(D5),E6)))} -> 50 | K6: =B66 -> 1
C7: 10 | D7: 10
C8: 1 | D8: 50
A13: C (Total Number of Cycles)
A25: Base | B25: =B6/A6 -> 200000
A26: Branch | B26: =F6*(G6 +H6) -> 0
A27: I-cache | B27: =SUMPRODUCT(C6:INDIRECT(_xlfn.CONCAT("C",SUM(E6,ROW(C5)))),D6:INDIRECT(_xlfn.CONCAT("D",SUM(E6,ROW(C5))))) -> 250
A28: D-cache | B28: =(H6*I6)/J6 -> 0.1
A29: C | B29: =SUM(B25:B28) +L6 -> 200250.1
A32: Breakdown 1
A35: Effective Dispatch Width (Deff)
A46: Designed dispatch width (D) | B46: Reorder Buffer Size (ROB) | C46: Average critical path length (K(ROB)) | D46: Average instruction execution latency, including short load data cache misses (lat) | E46: Dispatch latency for Np Insts. to be executed by Functional Units connected to a p (Np) | F46: Insts. of type 'i' that are pipelined (Ni) | G46: Functional units for Insts. of type 'i' that are pipelined (Ui) | H46: Insts. of type 'j' that are non-pipelined (Nj) | I46: Functional units for Insts. of type 'j' that are non-pipelined (Uj) | J46: Avg. latency for non-pipelined units (latj)
A47: 6 | B47: 256
A50: Register Contention | B50: =B47/(D47*C47) -> #DIV/0!
A51: Port Contention | B51: =B6/E47 -> #DIV/0!
A52: Execution time (Pipelined) | B52: =F47/G47 -> #DIV/0!
A53: Functional Unit Contention (Pipelined) | B53: =B6/B52 -> #DIV/0!
A54: Execution time (Non-Pipelined) | B54: =J47*H47/I47 -> #DIV/0!
A55: Functional Unit Contention (Non-Pipelined) | B55: =B6/B54 -> #DIV/0!
A58: Memory Level Paralellism (MLP)
A63: No. of main memory accesses in the MSHR table ~ no. of parallel main memory accesses (DRAMMSHR) | B63: Number of main memory accesses that have to wait (DRAMwait) | C63: Main memory access latency (TDRAM) | D63: Average time before an MSHR slot becomes available ~ weighted average access latency across all allocated MSHR entries (TMSHR_free)
A64: 0 | B64: 4 | C64: =J6 -> 50 | D64: 37.5
A66: (Main) Memory Level Parelellism (MLP) | B66: =A64+B64*((C64-D64)/C64) -> 1
A69: Branch Miss-predictions (Mbrpred)
A75: Entropy
A76: Branch miss rate
A77: Avg. no. of insts. Between 2 branch misses | B77: =B6/B76 -> #DIV/0!
A78: No. of insts. in ROB for branch miss
A79: Avg. dependence path legth for insts. in ROB during branch miss
A80: Average instruction latency

Sheet assumptions_and_miss_events
A1: estimate execution time in cycles | B1: component | C1: unit | D1: comment | L1: assumed compute style | M1: SIMT style
A2: divide afterwards by e.g. frequency | M2: in-order cores
M3: fine grained multithreading (or small scale coarse grained multithreading)
M4: vector processing units
M5: tensor processing units
L6: assumed compute hierarchy
B7: Core Frequency | C7: GHz | M7: Datacenter
M8: Pod
B9: BASE EXECUTION TIME | M9: cluster
B10: #GPU ops | C10: # | D10: #CPU ops | M10: rack
B11: #accelerators | C11: # | M11: node
B12: #core clusters per accelerator | C12: # | M12: accelerator
B13: #cores per core cluster | C13: # | M13: core clusters
B14: dispatch width per core | C14: # | M14: cores
B15: ops/instruction (equivalent functional unit width) | C15: # | M15: functional units
L16: assumed mem hierarchy
B17: instruction latency (non-pipelined) | C17: cycles | M17: registers
B18: instruction latency (pipelined) | C18: cycles | D18: 1 | M18: L1/shared mem
B19: #functional units per core | C19: # | M19: L2
M20: L3
B21: total cycles for base component (~peak compute) | C21: cycles | M21: accelerator memory
B22: execution time | C22: MAX(GPU, CPU) | M22: remote accelerator memory same node
M23: host memory
M24: remote accelerator memory other node
B25: MISS EVENTS (to model) | M25: remote host memory
M26: local nvme storage
A27: Cpu model inspired | B27: instruction dependencies | D27: structural dependencies -> contention | M27: remote nvme storage
B28: issue port contention | D28: data dependendies (RAW)
B29: functional unit contention | D29: control dependencies
B30: branch misses
B31: instruction cache misses
B32: low latency Data cache misses
B33: long latency data cache misses
B34: =" - dependent" -> - dependent
B35: =" - independent, limited by MLP from SW and e.g. MSHRs of HW,a s well as memory bandiwdth" -> - independent, limited by MLP from SW and e.g. MSHRs of HW,a s well as memory bandiwdth
A37: GPU model inspired | B37: non-overlapped instruction latency | D37: depending on scheduling policy (e.g. fine grained multithreading, coarsegrained, ...)
B38: MSHRs contention
B39: memory bandwidth contention
A41: Other | B41: cpu-to-accelerator launches
B42: =" - data movement from host to device memory" -> - data movement from host to device memory
B43: =" - pipelined or dependent?" -> - pipelined or dependent?
B44: remote mem access
B45: =" - same node, other accelerator memory" -> - same node, other accelerator memory
B46: =" - other node, other accelerator memory" -> - other node, other accelerator memory
B47: Synchronisation between cores
B48: =" - same accelerator" -> - same accelerator
B49: =" - same node, other accelerator" -> - same node, other accelerator
B50: =" - other node, other accelerator" -> - other node, other accelerator
A55: resources to check | B55: multicore interval model paper (RPPM)
B56: in-order CPU core interval modeling paper
A59: Questions | B59: Include pipelined/non-pipelined functional units for different instructions in the peak compute (effective dispatch)
B60: ease of use extensions:
B61: Include Amdahls law as caclualted summary of miss events related to non-perfect parallellism, and include Amdahls law as knob to play with and find maximum even if not realizable
B62: capture working set as calculated summary of memory miss events as well as high level knob to play with if you dont want to go and calculate (working set per time window)
